; HEADER_BLOCK_START
; generated by Ares 2.4.2 on 2026-09-07 at 14:54:50
; total layer number: 62
; filament_density: 1.24
; filament_diameter: 1.75
; max_z_height: 9.96
; filament: 1
; HEADER_BLOCK_END

; external perimeters extrusion width = 0.42mm
; perimeters extrusion width = 0.45mm
; infill extrusion width = 0.45mm
; solid infill extrusion width = 0.42mm
; top infill extrusion width = 0.42mm
; first layer extrusion width = 0.50mm

; EXECUTABLE_BLOCK_START
M73 P0 R10
M201 X10000 Y8000 Z100 E6000
M203 X350 Y300 Z10 E40
M204 P10000 R6000 T10000 ; sets acceleration (P, T) and retract acceleration (R), mm/sec^2
M205 X10.00 Y10.00 Z3.00 E2.50 ; sets the jerk limits, mm/sec
M205 J0.010
;TYPE:Custom
; Model: Snapmaker J1 (0.4/0.4)
; Update: 20240922
; Maintained by https://github.com/macdylan/3dp-configs
; Printer : Snapmaker J1 (0.4 nozzle)
; Profile : 0.16 Optimal @Snapmaker J1 (0.4 nozzle)
; Plate   : 
; --- initial_extruder: 0
; --- has_wipe_tower: 0
; --- total_toolchanges: 0
; --- T0: true
; --- T1: false

T0

M205 V10 ;Junction Deviation (mm)



M140 S0

; you can clean the nozzle

  M104 T0 S165
  

M204 S100
G28

G0 Z100.0

  T0
  G0 X80 Y0 F6840.0
  


M190 R0

; LED
  M355 S1 P64
  G4 P100
  M355 S1 P128
  G4 P100
  M355 S1 P64
  G4 P200
  M355 S1 P255
  G4 P100

G28 X Y

M83



; preheat 0
M104 T0 S250
  


  




  
; flush initial nozzle
T0
M104 S250; common flush temp
G0 Z1.6 F240.0
G0 X147 F6840.0
M73 P4 R10
G0 Y0 F6840.0

M109 S250 C2 W1
G1 E20 F80.0
G92 E0

M106 S255

M104 S225

G1 E12.0 F200
G92 E0
G1 E8.0 Z4.6 F200
G92 E0

G0 Z5.6 F200
M73 P7 R10
M107

G0 X137 F6840.0
G0 Z0.3 F240.0
M109 S220 C3 W1
G1 E3 F200
G92 E0
G1 X0 E8.5437 F6840.0
G92 E0

G1 E-0.8 F200
M73 P8 R9
G92 E0
G0 Y20 F6840.0

; ready 
G90
G21
M83 ; use relative distances for extrusion
M900 K0.02; Override pressure advance value
;LAYER_CHANGE
;Z:0.2
;HEIGHT:0.2
; layer_num: 0
G92 E0
G1 E-.8 F3600
;_SET_FAN_SPEED_CHANGING_LAYER
M204 P500
; printing object cube10.stl id:0 copy 0
M204 T10000
G1 X165.643 Y103.643 F14400
G1 Z.6
G1 Z.2
G1 E.8 F1500
;TYPE:Inner wall
;WIDTH:0.5
G1 F1560
G1 X158.357 Y103.643 E.27137
G1 X158.357 Y96.357 E.27137
G1 X165.643 Y96.357 E.27137
G1 X165.643 Y103.583 E.26914
G1 X166.1 Y104.1 F14400
M73 P9 R9
G1 F1560
G1 X157.9 Y104.1 E.30542
G1 X157.9 Y95.9 E.30542
G1 X166.1 Y95.9 E.30542
G1 X166.1 Y104.04 E.30318
G1 X166.6 Y104.6 F14400
;TYPE:Outer wall
G1 F1560
G1 X157.4 Y104.6 E.34267
G1 X157.4 Y95.4 E.34267
G1 X166.6 Y95.4 E.34267
G1 X166.6 Y104.54 E.34043
G1 X166.523 Y104.579
;WIPE_START
G1 F3000
G1 X164.6 Y104.553 E-.8
;WIPE_END
G1 X165.506 Y97.457 Z.6 F14400
G1 Z.2
G1 E.8 F1500
;TYPE:Bottom surface
;WIDTH:0.518183
G1 F1560
M106 S0
G1 X164.749 Y96.7 E.04974
G1 X164.077 Y96.7 E.03124
G1 X165.3 Y97.923 E.0804
G1 X165.3 Y98.595 E.03124
G1 X163.405 Y96.7 E.12457
G1 X162.733 Y96.7 E.03124
G1 X165.3 Y99.267 E.16875
G1 X165.3 Y99.94 E.03124
G1 X162.06 Y96.7 E.21292
G1 X161.388 Y96.7 E.03124
G1 X165.3 Y100.612 E.2571
G1 X165.3 Y101.284 E.03124
G1 X160.716 Y96.7 E.30127
G1 X160.044 Y96.7 E.03124
G1 X165.3 Y101.956 E.34545
G1 X165.3 Y102.628 E.03124
G1 X159.372 Y96.7 E.38962
G1 X158.7 Y96.7 E.03123
G1 X165.3 Y103.3 E.43379
G1 X164.628 Y103.3 E.03124
G1 X158.7 Y97.372 E.38961
G1 X158.7 Y98.044 E.03124
M73 P10 R9
G1 X163.956 Y103.3 E.34544
G1 X163.284 Y103.3 E.03124
G1 X158.7 Y98.716 E.30126
G1 X158.7 Y99.388 E.03124
G1 X162.612 Y103.3 E.25709
G1 X161.939 Y103.3 E.03124
G1 X158.7 Y100.061 E.21291
G1 X158.7 Y100.733 E.03124
G1 X161.267 Y103.3 E.16874
G1 X160.595 Y103.3 E.03124
G1 X158.7 Y101.405 E.12457
G1 X158.7 Y102.077 E.03124
G1 X159.923 Y103.3 E.08039
G1 X159.251 Y103.3 E.03124
G1 X158.494 Y102.543 E.04974
; stop printing object cube10.stl id:0 copy 0
M106 S255
;LAYER_CHANGE
;Z:0.36
;HEIGHT:0.16
; layer_num: 1
G92 E0
;WIPE_START
G1 F4800
G1 X159.251 Y103.3 E-.42807
G1 X159.923 Y103.3 E-.26885
G1 X159.741 Y103.118 E-.10308
;WIPE_END
;_SET_FAN_SPEED_CHANGING_LAYER
M204 P10000
; printing object cube10.stl id:0 copy 0
G17
G3 Z.76 I-.16 J1.206 P1  F18000
G1 X165.939 Y103.939 Z.76
G1 Z.36
G1 E.8 F1500
M204 P6000
;TYPE:Inner wall
;WIDTH:0.45
G1 F1924
G1 X158.061 Y103.939 E.21349
G1 X158.061 Y96.061 E.21349
G1 X165.939 Y96.061 E.21349
G1 X165.939 Y103.879 E.21186
G1 X166.355 Y104.355 F18000
G1 F1924
G1 X157.645 Y104.355 E.23602
G1 X157.645 Y95.645 E.23602
G1 X166.355 Y95.645 E.23602
G1 X166.355 Y104.295 E.23439
M204 T1000
G1 X166.376 Y104.295 F18000
G1 X166.376 Y104.376
G1 X166.79 Y104.79
M204 P1000
;TYPE:Outer wall
;WIDTH:0.42
G1 F1924
G1 X157.21 Y104.79 E.24085
G1 X157.21 Y95.21 E.24085
G1 X166.79 Y95.21 E.24085
G1 X166.79 Y104.73 E.23935
G1 X166.713 Y104.769
M204 T10000
;WIPE_START
G1 F7200
G1 X164.79 Y104.743 E-.8
;WIPE_END
G1 X163.968 Y103.539 Z.76 F18000
G1 Z.36
G1 E.8 F1500
M204 P10000
;TYPE:Internal solid infill
;WIDTH:0.419999
G1 F1924
M106 S255
G1 X165.539 Y103.539 E.03949
G1 X165.539 Y101.968 E.03949
G1 X164.01 Y103.496 E.05434
G1 X165.112 Y103.021 F18000
;WIDTH:0.568782
G1 F1924
M73 P11 R9
G2 X165.115 Y103.131 I-.029 J.056 E.0091
G1 X165.772 Y101.462 F18000
;WIDTH:0.419999
G1 F1924
G1 X163.635 Y103.599 E.07599
G1 X163.09 Y103.599 E.01371
G1 X165.599 Y101.09 E.08921
G1 X165.599 Y100.544 E.01371
G1 X162.544 Y103.599 E.1086
G1 X161.999 Y103.599 E.01371
G1 X165.599 Y99.999 E.128
G1 X165.599 Y99.453 E.01371
G1 X161.453 Y103.599 E.14739
G1 X160.908 Y103.599 E.01371
G1 X165.599 Y98.908 E.16678
G1 X165.599 Y98.363 E.01371
G1 X160.363 Y103.599 E.18617
G1 X159.817 Y103.599 E.01371
G1 X165.599 Y97.817 E.20556
G1 X165.599 Y97.272 E.01371
G1 X159.272 Y103.599 E.22496
G1 X158.726 Y103.599 E.01371
G1 X165.599 Y96.726 E.24435
G1 X165.599 Y96.401 E.00818
G1 X165.379 Y96.401 E.00554
G1 X158.401 Y103.379 E.24808
G1 X158.401 Y102.833 E.01371
G1 X164.833 Y96.401 E.22869
G1 X164.288 Y96.401 E.01371
G1 X158.401 Y102.288 E.2093
G1 X158.401 Y101.742 E.01371
G1 X163.742 Y96.401 E.1899
G1 X163.197 Y96.401 E.01371
G1 X158.401 Y101.197 E.17051
G1 X158.401 Y100.651 E.01371
G1 X162.651 Y96.401 E.15112
G1 X162.106 Y96.401 E.01371
G1 X158.401 Y100.106 E.13173
G1 X158.401 Y99.561 E.01371
G1 X161.561 Y96.401 E.11233
G1 X161.015 Y96.401 E.01371
G1 X158.401 Y99.015 E.09294
G1 X158.401 Y98.47 E.01371
G1 X160.47 Y96.401 E.07355
G1 X159.924 Y96.401 E.01371
G1 X158.401 Y97.924 E.05416
G1 X158.401 Y97.379 E.01371
G1 X159.553 Y96.228 E.04094
G1 X158.498 Y96.429 F18000
;WIDTH:0.443168
G1 F1924
G2 X158.49 Y96.517 I-.026 J.042 E.00529
; stop printing object cube10.stl id:0 copy 0
;LAYER_CHANGE
;Z:0.52
;HEIGHT:0.16
; layer_num: 2
G92 E0
G1 E-.74628 F3600
;WIPE_START
G1 F13103.53
G1 X158.447 Y96.517 E-.0116
G1 X158.422 Y96.473 E-.01404
G1 X158.447 Y96.429 E-.01404
G1 X158.498 Y96.429 E-.01404
;WIPE_END
;_SET_FAN_SPEED_CHANGING_LAYER
; printing object cube10.stl id:0 copy 0
G17
G3 Z.92 I-.865 J.856 P1  F18000
G1 X165.939 Y103.939 Z.92
G1 Z.52
G1 E.8 F1500
M204 P6000
;TYPE:Inner wall
;WIDTH:0.45
G1 F1933
G1 X158.061 Y103.939 E.21349
G1 X158.061 Y96.061 E.21349
G1 X165.939 Y96.061 E.21349
G1 X165.939 Y103.879 E.21186
G1 X166.355 Y104.355 F18000
G1 F1933
G1 X157.645 Y104.355 E.23602
G1 X157.645 Y95.645 E.23602
G1 X166.355 Y95.645 E.23602
G1 X166.355 Y104.295 E.23439
M73 P12 R9
M204 T1000
G1 X166.376 Y104.295 F18000
G1 X166.376 Y104.376
G1 X166.79 Y104.79
M204 P1000
;TYPE:Outer wall
;WIDTH:0.42
G1 F1933
G1 X157.21 Y104.79 E.24085
G1 X157.21 Y95.21 E.24085
G1 X166.79 Y95.21 E.24085
G1 X166.79 Y104.73 E.23935
G1 X166.713 Y104.769
M204 T10000
;WIPE_START
G1 F7200
G1 X164.79 Y104.743 E-.8
;WIPE_END
G1 X165.772 Y98.538 Z.92 F18000
G1 Z.52
G1 E.8 F1500
M204 P10000
;TYPE:Internal solid infill
;WIDTH:0.419999
G1 F1933
M106 S255
G1 X163.635 Y96.401 E.07599
G1 X163.09 Y96.401 E.01371
G1 X165.599 Y98.91 E.08921
G1 X165.599 Y99.456 E.01371
G1 X162.544 Y96.401 E.1086
G1 X161.999 Y96.401 E.01371
G1 X165.599 Y100.001 E.128
G1 X165.599 Y100.547 E.01371
G1 X161.453 Y96.401 E.14739
G1 X160.908 Y96.401 E.01371
G1 X165.599 Y101.092 E.16678
G1 X165.599 Y101.637 E.01371
G1 X160.363 Y96.401 E.18617
G1 X159.817 Y96.401 E.01371
G1 X165.599 Y102.183 E.20556
G1 X165.599 Y102.728 E.01371
G1 X159.272 Y96.401 E.22496
G1 X158.726 Y96.401 E.01371
G1 X165.599 Y103.274 E.24435
G1 X165.599 Y103.599 E.00818
G1 X165.379 Y103.599 E.00554
G1 X158.401 Y96.621 E.24808
G1 X158.401 Y97.167 E.01371
G1 X164.833 Y103.599 E.22869
G1 X164.288 Y103.599 E.01371
G1 X158.401 Y97.712 E.2093
G1 X158.401 Y98.258 E.01371
G1 X163.742 Y103.599 E.1899
G1 X163.197 Y103.599 E.01371
G1 X158.401 Y98.803 E.17051
G1 X158.401 Y99.349 E.01371
G1 X162.651 Y103.599 E.15112
G1 X162.106 Y103.599 E.01371
G1 X158.401 Y99.894 E.13173
G1 X158.401 Y100.439 E.01371
G1 X161.561 Y103.599 E.11233
G1 X161.015 Y103.599 E.01371
G1 X158.401 Y100.985 E.09294
G1 X158.401 Y101.53 E.01371
G1 X160.47 Y103.599 E.07355
G1 X159.924 Y103.599 E.01371
G1 X158.401 Y102.076 E.05416
G1 X158.401 Y102.621 E.01371
G1 X159.553 Y103.772 E.04094
G1 X158.498 Y103.483 F18000
;WIDTH:0.443166
G1 F1933
M73 P13 R9
G2 X158.49 Y103.571 I-.026 J.042 E.00529
G1 X163.968 Y96.461 F18000
;WIDTH:0.419999
G1 F1933
G1 X165.539 Y98.032 E.05585
G1 X165.539 Y96.461 E.03949
G1 X164.028 Y96.461 E.03798
G1 X165.112 Y96.864 F18000
;WIDTH:0.568784
G1 F1933
G2 X165.115 Y96.973 I-.029 J.056 E.0091
; stop printing object cube10.stl id:0 copy 0
;LAYER_CHANGE
;Z:0.68
;HEIGHT:0.16
; layer_num: 3
G92 E0
G1 E-.70272 F3600
;WIPE_START
G1 F10023.694
G1 X165.045 Y96.979 E-.0253
G1 X165.012 Y96.921 E-.02399
G1 X165.045 Y96.864 E-.02399
G1 X165.112 Y96.864 E-.02399
;WIPE_END
;_SET_FAN_SPEED_CHANGING_LAYER
; printing object cube10.stl id:0 copy 0
G17
G3 Z1.08 I-1.209 J.141 P1  F18000
G1 X165.939 Y103.939 Z1.08
G1 Z.68
G1 E.8 F1500
M204 P6000
;TYPE:Inner wall
;WIDTH:0.45
G1 F1924
G1 X158.061 Y103.939 E.21349
G1 X158.061 Y96.061 E.21349
G1 X165.939 Y96.061 E.21349
G1 X165.939 Y103.879 E.21186
G1 X166.355 Y104.355 F18000
G1 F1924
G1 X157.645 Y104.355 E.23602
G1 X157.645 Y95.645 E.23602
G1 X166.355 Y95.645 E.23602
G1 X166.355 Y104.295 E.23439
M204 T1000
G1 X166.376 Y104.295 F18000
G1 X166.376 Y104.376
G1 X166.79 Y104.79
M204 P1000
;TYPE:Outer wall
;WIDTH:0.42
G1 F1924
G1 X157.21 Y104.79 E.24085
G1 X157.21 Y95.21 E.24085
G1 X166.79 Y95.21 E.24085
G1 X166.79 Y104.73 E.23935
G1 X166.713 Y104.769
M204 T10000
;WIPE_START
G1 F7200
G1 X164.79 Y104.743 E-.8
;WIPE_END
G1 X163.968 Y103.539 Z1.08 F18000
G1 Z.68
G1 E.8 F1500
M204 P10000
;TYPE:Internal solid infill
;WIDTH:0.419999
G1 F1924
M106 S255
G1 X165.539 Y103.539 E.03949
G1 X165.539 Y101.968 E.03949
G1 X164.01 Y103.496 E.05434
G1 X165.112 Y103.021 F18000
;WIDTH:0.568782
G1 F1924
G2 X165.115 Y103.131 I-.029 J.056 E.0091
G1 X165.772 Y101.462 F18000
;WIDTH:0.419999
G1 F1924
G1 X163.635 Y103.599 E.07599
G1 X163.09 Y103.599 E.01371
G1 X165.599 Y101.09 E.08921
G1 X165.599 Y100.544 E.01371
G1 X162.544 Y103.599 E.1086
G1 X161.999 Y103.599 E.01371
G1 X165.599 Y99.999 E.128
G1 X165.599 Y99.453 E.01371
G1 X161.453 Y103.599 E.14739
G1 X160.908 Y103.599 E.01371
G1 X165.599 Y98.908 E.16678
G1 X165.599 Y98.363 E.01371
G1 X160.363 Y103.599 E.18617
G1 X159.817 Y103.599 E.01371
G1 X165.599 Y97.817 E.20556
G1 X165.599 Y97.272 E.01371
G1 X159.272 Y103.599 E.22496
G1 X158.726 Y103.599 E.01371
G1 X165.599 Y96.726 E.24435
G1 X165.599 Y96.401 E.00818
M73 P14 R9
G1 X165.379 Y96.401 E.00554
G1 X158.401 Y103.379 E.24808
G1 X158.401 Y102.833 E.01371
G1 X164.833 Y96.401 E.22869
G1 X164.288 Y96.401 E.01371
G1 X158.401 Y102.288 E.2093
G1 X158.401 Y101.742 E.01371
G1 X163.742 Y96.401 E.1899
G1 X163.197 Y96.401 E.01371
G1 X158.401 Y101.197 E.17051
G1 X158.401 Y100.651 E.01371
G1 X162.651 Y96.401 E.15112
G1 X162.106 Y96.401 E.01371
G1 X158.401 Y100.106 E.13173
G1 X158.401 Y99.561 E.01371
G1 X161.561 Y96.401 E.11233
G1 X161.015 Y96.401 E.01371
G1 X158.401 Y99.015 E.09294
G1 X158.401 Y98.47 E.01371
G1 X160.47 Y96.401 E.07355
G1 X159.924 Y96.401 E.01371
G1 X158.401 Y97.924 E.05416
G1 X158.401 Y97.379 E.01371
G1 X159.553 Y96.228 E.04094
G1 X158.498 Y96.429 F18000
;WIDTH:0.443168
G1 F1924
G2 X158.49 Y96.517 I-.026 J.042 E.00529
; stop printing object cube10.stl id:0 copy 0
;LAYER_CHANGE
;Z:0.84
;HEIGHT:0.16
; layer_num: 4
G92 E0
G1 E-.74628 F3600
;WIPE_START
G1 F13103.53
G1 X158.447 Y96.517 E-.0116
G1 X158.422 Y96.473 E-.01404
G1 X158.447 Y96.429 E-.01404
G1 X158.498 Y96.429 E-.01404
;WIPE_END
;_SET_FAN_SPEED_CHANGING_LAYER
; printing object cube10.stl id:0 copy 0
G17
G3 Z1.24 I-.865 J.856 P1  F18000
G1 X165.939 Y103.939 Z1.24
G1 Z.84
G1 E.8 F1500
M204 P6000
;TYPE:Inner wall
;WIDTH:0.45
G1 F1056
G1 X158.061 Y103.939 E.21349
G1 X158.061 Y96.061 E.21349
G1 X165.939 Y96.061 E.21349
G1 X165.939 Y103.879 E.21186
G1 X166.355 Y104.355 F18000
G1 F1056
G1 X157.645 Y104.355 E.23602
G1 X157.645 Y95.645 E.23602
G1 X166.355 Y95.645 E.23602
G1 X166.355 Y104.295 E.23439
M204 T1000
G1 X166.376 Y104.295 F18000
M73 P15 R9
G1 X166.376 Y104.376
G1 X166.79 Y104.79
M204 P1000
;TYPE:Outer wall
;WIDTH:0.42
G1 F1056
G1 X157.21 Y104.79 E.24085
G1 X157.21 Y95.21 E.24085
G1 X166.79 Y95.21 E.24085
G1 X166.79 Y104.73 E.23935
G1 X166.713 Y104.769
M204 T10000
;WIPE_START
G1 F7200
G1 X164.79 Y104.743 E-.8
;WIPE_END
G1 X162.087 Y103.584 Z1.24 F18000
G1 Z.84
G1 E.8 F1500
M204 P10000
;TYPE:Sparse infill
;WIDTH:0.45
G1 F1056
M106 S255
G1 X160.425 Y103.584 E.04505
G1 X162.345 Y96.416 E.20107
G1 X159.256 Y96.416 E.08371
G1 X165.584 Y102.744 E.24248
G1 X165.584 Y99.655 E.08371
G1 X158.416 Y101.575 E.20107
G1 X158.416 Y99.913 E.04505
; stop printing object cube10.stl id:0 copy 0
;LAYER_CHANGE
;Z:1
;HEIGHT:0.16
; layer_num: 5
G92 E0
G1 E-.24135 F3600
;WIPE_START
G1 F12888.166
G1 X158.416 Y101.575 E-.46442
G1 X158.742 Y101.488 E-.09423
;WIPE_END
;_SET_FAN_SPEED_CHANGING_LAYER
; printing object cube10.stl id:0 copy 0
G17
G3 Z1.4 I-.392 J1.152 P1  F18000
G1 X165.939 Y103.939 Z1.4
G1 Z1
G1 E.8 F1500
M204 P6000
;TYPE:Inner wall
G1 F1051
G1 X158.061 Y103.939 E.21349
G1 X158.061 Y96.061 E.21349
G1 X165.939 Y96.061 E.21349
G1 X165.939 Y103.879 E.21186
G1 X166.355 Y104.355 F18000
M73 P16 R9
G1 F1051
G1 X157.645 Y104.355 E.23602
G1 X157.645 Y95.645 E.23602
G1 X166.355 Y95.645 E.23602
G1 X166.355 Y104.295 E.23439
M204 T1000
G1 X166.376 Y104.295 F18000
G1 X166.376 Y104.376
G1 X166.79 Y104.79
M204 P1000
;TYPE:Outer wall
;WIDTH:0.42
G1 F1051
G1 X157.21 Y104.79 E.24085
G1 X157.21 Y95.21 E.24085
G1 X166.79 Y95.21 E.24085
G1 X166.79 Y104.73 E.23935
G1 X166.713 Y104.769
M204 T10000
;WIPE_START
G1 F7200
G1 X164.79 Y104.743 E-.8
;WIPE_END
G1 X161.97 Y103.584 Z1.4 F18000
G1 Z1
G1 E.8 F1500
M204 P10000
;TYPE:Sparse infill
;WIDTH:0.45
G1 F1051
M106 S255
G1 X160.308 Y103.584 E.04505
G1 X162.228 Y96.416 E.20107
G1 X159.416 Y96.416 E.0762
G1 X165.584 Y102.584 E.23635
G1 X165.584 Y99.772 E.0762
G1 X158.416 Y101.692 E.20107
G1 X158.416 Y100.03 E.04505
M73 P17 R9
; stop printing object cube10.stl id:0 copy 0
;LAYER_CHANGE
;Z:1.16
;HEIGHT:0.16
; layer_num: 6
G92 E0
G1 E-.24135 F3600
;WIPE_START
G1 F12888.166
G1 X158.416 Y101.692 E-.46442
G1 X158.742 Y101.605 E-.09423
;WIPE_END
;_SET_FAN_SPEED_CHANGING_LAYER
; printing object cube10.stl id:0 copy 0
G17
G3 Z1.56 I-.375 J1.158 P1  F18000
G1 X165.939 Y103.939 Z1.56
G1 Z1.16
G1 E.8 F1500
M204 P6000
;TYPE:Inner wall
G1 F1045
G1 X158.061 Y103.939 E.21349
G1 X158.061 Y96.061 E.21349
G1 X165.939 Y96.061 E.21349
G1 X165.939 Y103.879 E.21186
G1 X166.355 Y104.355 F18000
G1 F1045
G1 X157.645 Y104.355 E.23602
G1 X157.645 Y95.645 E.23602
G1 X166.355 Y95.645 E.23602
G1 X166.355 Y104.295 E.23439
M73 P17 R8
M204 T1000
G1 X166.376 Y104.295 F18000
G1 X166.376 Y104.376
G1 X166.79 Y104.79
M204 P1000
;TYPE:Outer wall
;WIDTH:0.42
G1 F1045
G1 X157.21 Y104.79 E.24085
G1 X157.21 Y95.21 E.24085
G1 X166.79 Y95.21 E.24085
G1 X166.79 Y104.73 E.23935
G1 X166.713 Y104.769
M73 P18 R8
M204 T10000
;WIPE_START
G1 F7200
G1 X164.79 Y104.743 E-.8
;WIPE_END
G1 X161.853 Y103.584 Z1.56 F18000
G1 Z1.16
G1 E.8 F1500
M204 P10000
;TYPE:Sparse infill
;WIDTH:0.45
G1 F1045
M106 S255
G1 X160.191 Y103.584 E.04505
G1 X162.111 Y96.416 E.20107
G1 X159.576 Y96.416 E.06869
G1 X165.584 Y102.424 E.23022
G1 X165.584 Y99.889 E.06869
G1 X158.416 Y101.809 E.20107
G1 X158.416 Y100.147 E.04505
; stop printing object cube10.stl id:0 copy 0
;LAYER_CHANGE
;Z:1.32
;HEIGHT:0.16
; layer_num: 7
G92 E0
G1 E-.24135 F3600
;WIPE_START
G1 F12888.166
G1 X158.416 Y101.809 E-.46442
G1 X158.742 Y101.722 E-.09423
;WIPE_END
;_SET_FAN_SPEED_CHANGING_LAYER
; printing object cube10.stl id:0 copy 0
G17
G3 Z1.72 I-.358 J1.163 P1  F18000
G1 X165.939 Y103.939 Z1.72
G1 Z1.32
G1 E.8 F1500
M204 P6000
;TYPE:Inner wall
G1 F1039
G1 X158.061 Y103.939 E.21349
G1 X158.061 Y96.061 E.21349
G1 X165.939 Y96.061 E.21349
G1 X165.939 Y103.879 E.21186
G1 X166.355 Y104.355 F18000
G1 F1039
G1 X157.645 Y104.355 E.23602
G1 X157.645 Y95.645 E.23602
G1 X166.355 Y95.645 E.23602
G1 X166.355 Y104.295 E.23439
M204 T1000
G1 X166.376 Y104.295 F18000
G1 X166.376 Y104.376
G1 X166.79 Y104.79
M204 P1000
;TYPE:Outer wall
;WIDTH:0.42
G1 F1039
G1 X157.21 Y104.79 E.24085
G1 X157.21 Y95.21 E.24085
M73 P19 R8
G1 X166.79 Y95.21 E.24085
G1 X166.79 Y104.73 E.23935
G1 X166.713 Y104.769
M204 T10000
;WIPE_START
G1 F7200
G1 X164.79 Y104.743 E-.8
;WIPE_END
G1 X161.736 Y103.584 Z1.72 F18000
G1 Z1.32
G1 E.8 F1500
M204 P10000
;TYPE:Sparse infill
;WIDTH:0.45
G1 F1039
M106 S255
G1 X160.073 Y103.584 E.04505
G1 X161.994 Y96.416 E.20107
G1 X159.736 Y96.416 E.06118
G1 X165.584 Y102.264 E.22408
G1 X165.584 Y100.006 E.06118
G1 X158.416 Y101.927 E.20107
G1 X158.416 Y100.264 E.04505
; stop printing object cube10.stl id:0 copy 0
;LAYER_CHANGE
;Z:1.48
;HEIGHT:0.16
; layer_num: 8
G92 E0
G1 E-.24135 F3600
;WIPE_START
G1 F12888.166
G1 X158.416 Y101.927 E-.46442
G1 X158.742 Y101.839 E-.09423
;WIPE_END
;_SET_FAN_SPEED_CHANGING_LAYER
; printing object cube10.stl id:0 copy 0
G17
G3 Z1.88 I-.341 J1.168 P1  F18000
G1 X165.939 Y103.939 Z1.88
G1 Z1.48
G1 E.8 F1500
M204 P6000
;TYPE:Inner wall
G1 F1033
G1 X158.061 Y103.939 E.21349
G1 X158.061 Y96.061 E.21349
G1 X165.939 Y96.061 E.21349
G1 X165.939 Y103.879 E.21186
G1 X166.355 Y104.355 F18000
G1 F1033
G1 X157.645 Y104.355 E.23602
G1 X157.645 Y95.645 E.23602
M73 P20 R8
G1 X166.355 Y95.645 E.23602
G1 X166.355 Y104.295 E.23439
M204 T1000
G1 X166.376 Y104.295 F18000
G1 X166.376 Y104.376
G1 X166.79 Y104.79
M204 P1000
;TYPE:Outer wall
;WIDTH:0.42
G1 F1033
G1 X157.21 Y104.79 E.24085
G1 X157.21 Y95.21 E.24085
G1 X166.79 Y95.21 E.24085
G1 X166.79 Y104.73 E.23935
G1 X166.713 Y104.769
M204 T10000
;WIPE_START
G1 F7200
G1 X164.79 Y104.743 E-.8
;WIPE_END
G1 X161.619 Y103.584 Z1.88 F18000
G1 Z1.48
G1 E.8 F1500
M204 P10000
;TYPE:Sparse infill
;WIDTH:0.45
G1 F1033
M106 S255
G1 X159.956 Y103.584 E.04505
G1 X161.877 Y96.416 E.20107
G1 X159.896 Y96.416 E.05367
G1 X165.584 Y102.104 E.21795
G1 X165.584 Y100.123 E.05367
G1 X158.416 Y102.044 E.20107
G1 X158.416 Y100.381 E.04505
; stop printing object cube10.stl id:0 copy 0
;LAYER_CHANGE
;Z:1.64
;HEIGHT:0.16
; layer_num: 9
G92 E0
G1 E-.24135 F3600
;WIPE_START
G1 F12888.166
G1 X158.416 Y102.044 E-.46442
G1 X158.742 Y101.956 E-.09423
;WIPE_END
;_SET_FAN_SPEED_CHANGING_LAYER
; printing object cube10.stl id:0 copy 0
G17
G3 Z2.04 I-.323 J1.173 P1  F18000
G1 X165.939 Y103.939 Z2.04
G1 Z1.64
G1 E.8 F1500
M73 P21 R8
M204 P6000
;TYPE:Inner wall
G1 F1027
G1 X158.061 Y103.939 E.21349
G1 X158.061 Y96.061 E.21349
G1 X165.939 Y96.061 E.21349
G1 X165.939 Y103.879 E.21186
G1 X166.355 Y104.355 F18000
G1 F1027
G1 X157.645 Y104.355 E.23602
G1 X157.645 Y95.645 E.23602
G1 X166.355 Y95.645 E.23602
G1 X166.355 Y104.295 E.23439
M204 T1000
G1 X166.376 Y104.295 F18000
G1 X166.376 Y104.376
G1 X166.79 Y104.79
M204 P1000
;TYPE:Outer wall
;WIDTH:0.42
G1 F1027
G1 X157.21 Y104.79 E.24085
G1 X157.21 Y95.21 E.24085
G1 X166.79 Y95.21 E.24085
G1 X166.79 Y104.73 E.23935
G1 X166.713 Y104.769
M204 T10000
;WIPE_START
G1 F7200
G1 X164.79 Y104.743 E-.8
;WIPE_END
G1 X161.502 Y103.584 Z2.04 F18000
G1 Z1.64
G1 E.8 F1500
M73 P22 R8
M204 P10000
;TYPE:Sparse infill
;WIDTH:0.45
G1 F1027
M106 S255
G1 X159.839 Y103.584 E.04505
G1 X161.76 Y96.416 E.20107
G1 X160.056 Y96.416 E.04616
G1 X165.584 Y101.944 E.21182
G1 X165.584 Y100.24 E.04616
G1 X158.416 Y102.161 E.20107
G1 X158.416 Y100.498 E.04505
; stop printing object cube10.stl id:0 copy 0
;LAYER_CHANGE
;Z:1.8
;HEIGHT:0.16
; layer_num: 10
G92 E0
G1 E-.24135 F3600
;WIPE_START
G1 F12888.166
G1 X158.416 Y102.161 E-.46442
G1 X158.742 Y102.074 E-.09423
;WIPE_END
;_SET_FAN_SPEED_CHANGING_LAYER
; printing object cube10.stl id:0 copy 0
G17
G3 Z2.2 I-.305 J1.178 P1  F18000
G1 X165.939 Y103.939 Z2.2
G1 Z1.8
G1 E.8 F1500
M204 P6000
;TYPE:Inner wall
G1 F1021
G1 X158.061 Y103.939 E.21349
G1 X158.061 Y96.061 E.21349
G1 X165.939 Y96.061 E.21349
G1 X165.939 Y103.879 E.21186
G1 X166.355 Y104.355 F18000
G1 F1021
G1 X157.645 Y104.355 E.23602
G1 X157.645 Y95.645 E.23602
G1 X166.355 Y95.645 E.23602
G1 X166.355 Y104.295 E.23439
M204 T1000
G1 X166.376 Y104.295 F18000
G1 X166.376 Y104.376
G1 X166.79 Y104.79
M204 P1000
;TYPE:Outer wall
;WIDTH:0.42
G1 F1021
G1 X157.21 Y104.79 E.24085
G1 X157.21 Y95.21 E.24085
M73 P23 R8
G1 X166.79 Y95.21 E.24085
G1 X166.79 Y104.73 E.23935
G1 X166.713 Y104.769
M204 T10000
;WIPE_START
G1 F7200
G1 X164.79 Y104.743 E-.8
;WIPE_END
G1 X161.385 Y103.584 Z2.2 F18000
G1 Z1.8
G1 E.8 F1500
M204 P10000
;TYPE:Sparse infill
;WIDTH:0.45
G1 F1021
M106 S255
G1 X159.722 Y103.584 E.04505
G1 X161.643 Y96.416 E.20107
G1 X160.216 Y96.416 E.03865
G1 X165.584 Y101.784 E.20569
G1 X165.584 Y100.357 E.03865
G1 X158.416 Y102.278 E.20107
G1 X158.416 Y100.615 E.04505
; stop printing object cube10.stl id:0 copy 0
;LAYER_CHANGE
;Z:1.96
;HEIGHT:0.16
; layer_num: 11
G92 E0
G1 E-.24135 F3600
;WIPE_START
G1 F12888.166
G1 X158.416 Y102.278 E-.46442
G1 X158.742 Y102.191 E-.09423
;WIPE_END
;_SET_FAN_SPEED_CHANGING_LAYER
; printing object cube10.stl id:0 copy 0
G17
G3 Z2.36 I-.287 J1.183 P1  F18000
G1 X165.939 Y103.939 Z2.36
G1 Z1.96
G1 E.8 F1500
M204 P6000
;TYPE:Inner wall
G1 F1015
G1 X158.061 Y103.939 E.21349
G1 X158.061 Y96.061 E.21349
G1 X165.939 Y96.061 E.21349
G1 X165.939 Y103.879 E.21186
G1 X166.355 Y104.355 F18000
G1 F1015
G1 X157.645 Y104.355 E.23602
G1 X157.645 Y95.645 E.23602
M73 P24 R8
G1 X166.355 Y95.645 E.23602
G1 X166.355 Y104.295 E.23439
M204 T1000
G1 X166.376 Y104.295 F18000
G1 X166.376 Y104.376
G1 X166.79 Y104.79
M204 P1000
;TYPE:Outer wall
;WIDTH:0.42
G1 F1015
G1 X157.21 Y104.79 E.24085
G1 X157.21 Y95.21 E.24085
G1 X166.79 Y95.21 E.24085
G1 X166.79 Y104.73 E.23935
G1 X166.713 Y104.769
M204 T10000
;WIPE_START
G1 F7200
G1 X164.79 Y104.743 E-.8
;WIPE_END
G1 X161.268 Y103.584 Z2.36 F18000
G1 Z1.96
G1 E.8 F1500
M204 P10000
;TYPE:Sparse infill
;WIDTH:0.45
G1 F1015
M106 S255
G1 X159.605 Y103.584 E.04505
G1 X161.525 Y96.416 E.20107
G1 X160.376 Y96.416 E.03114
G1 X165.584 Y101.624 E.19956
G1 X165.584 Y100.475 E.03114
G1 X158.416 Y102.395 E.20107
G1 X158.416 Y100.732 E.04505
; stop printing object cube10.stl id:0 copy 0
;LAYER_CHANGE
;Z:2.12
;HEIGHT:0.16
; layer_num: 12
G92 E0
G1 E-.24135 F3600
;WIPE_START
G1 F12888.166
G1 X158.416 Y102.395 E-.46442
G1 X158.742 Y102.308 E-.09423
;WIPE_END
;_SET_FAN_SPEED_CHANGING_LAYER
; printing object cube10.stl id:0 copy 0
G17
G3 Z2.52 I-.269 J1.187 P1  F18000
G1 X165.939 Y103.939 Z2.52
G1 Z2.12
G1 E.8 F1500
M204 P6000
;TYPE:Inner wall
G1 F1010
G1 X158.061 Y103.939 E.21349
G1 X158.061 Y96.061 E.21349
M73 P25 R8
G1 X165.939 Y96.061 E.21349
G1 X165.939 Y103.879 E.21186
G1 X166.355 Y104.355 F18000
G1 F1010
G1 X157.645 Y104.355 E.23602
G1 X157.645 Y95.645 E.23602
G1 X166.355 Y95.645 E.23602
G1 X166.355 Y104.295 E.23439
M204 T1000
G1 X166.376 Y104.295 F18000
G1 X166.376 Y104.376
G1 X166.79 Y104.79
M204 P1000
;TYPE:Outer wall
;WIDTH:0.42
G1 F1010
G1 X157.21 Y104.79 E.24085
G1 X157.21 Y95.21 E.24085
G1 X166.79 Y95.21 E.24085
G1 X166.79 Y104.73 E.23935
G1 X166.713 Y104.769
M204 T10000
;WIPE_START
G1 F7200
G1 X164.79 Y104.743 E-.8
;WIPE_END
G1 X161.15 Y103.584 Z2.52 F18000
G1 Z2.12
G1 E.8 F1500
M204 P10000
;TYPE:Sparse infill
;WIDTH:0.45
G1 F1010
M106 S255
G1 X159.488 Y103.584 E.04505
G1 X161.408 Y96.416 E.20107
G1 X160.536 Y96.416 E.02363
M73 P26 R8
G1 X165.584 Y101.464 E.19343
G1 X165.584 Y100.592 E.02363
G1 X158.416 Y102.512 E.20107
G1 X158.416 Y100.85 E.04505
; stop printing object cube10.stl id:0 copy 0
;LAYER_CHANGE
;Z:2.28
;HEIGHT:0.16
; layer_num: 13
G92 E0
G1 E-.24135 F3600
;WIPE_START
G1 F12888.166
G1 X158.416 Y102.512 E-.46442
G1 X158.742 Y102.425 E-.09423
;WIPE_END
;_SET_FAN_SPEED_CHANGING_LAYER
; printing object cube10.stl id:0 copy 0
G17
G3 Z2.68 I-.251 J1.191 P1  F18000
G1 X165.939 Y103.939 Z2.68
G1 Z2.28
G1 E.8 F1500
M204 P6000
;TYPE:Inner wall
G1 F1004
G1 X158.061 Y103.939 E.21349
G1 X158.061 Y96.061 E.21349
G1 X165.939 Y96.061 E.21349
G1 X165.939 Y103.879 E.21186
G1 X166.355 Y104.355 F18000
G1 F1004
G1 X157.645 Y104.355 E.23602
G1 X157.645 Y95.645 E.23602
G1 X166.355 Y95.645 E.23602
G1 X166.355 Y104.295 E.23439
M73 P26 R7
M204 T1000
G1 X166.376 Y104.295 F18000
G1 X166.376 Y104.376
G1 X166.79 Y104.79
M204 P1000
;TYPE:Outer wall
;WIDTH:0.42
G1 F1004
G1 X157.21 Y104.79 E.24085
G1 X157.21 Y95.21 E.24085
G1 X166.79 Y95.21 E.24085
M73 P27 R7
G1 X166.79 Y104.73 E.23935
G1 X166.713 Y104.769
M204 T10000
;WIPE_START
G1 F7200
G1 X164.79 Y104.743 E-.8
;WIPE_END
G1 X161.033 Y103.584 Z2.68 F18000
G1 Z2.28
G1 E.8 F1500
M204 P10000
;TYPE:Sparse infill
;WIDTH:0.45
G1 F1004
M106 S255
G1 X159.371 Y103.584 E.04505
G1 X161.291 Y96.416 E.20107
G1 X160.696 Y96.416 E.01612
G1 X165.584 Y101.304 E.1873
G1 X165.584 Y100.709 E.01612
G1 X158.416 Y102.629 E.20107
G1 X158.416 Y100.967 E.04505
; stop printing object cube10.stl id:0 copy 0
;LAYER_CHANGE
;Z:2.44
;HEIGHT:0.16
; layer_num: 14
G92 E0
G1 E-.24135 F3600
;WIPE_START
G1 F12888.166
G1 X158.416 Y102.629 E-.46442
G1 X158.742 Y102.542 E-.09423
;WIPE_END
;_SET_FAN_SPEED_CHANGING_LAYER
; printing object cube10.stl id:0 copy 0
G17
G3 Z2.84 I-.232 J1.195 P1  F18000
G1 X165.939 Y103.939 Z2.84
G1 Z2.44
G1 E.8 F1500
M204 P6000
;TYPE:Inner wall
G1 F998
G1 X158.061 Y103.939 E.21349
G1 X158.061 Y96.061 E.21349
G1 X165.939 Y96.061 E.21349
G1 X165.939 Y103.879 E.21186
G1 X166.355 Y104.355 F18000
G1 F998
G1 X157.645 Y104.355 E.23602
G1 X157.645 Y95.645 E.23602
G1 X166.355 Y95.645 E.23602
M73 P28 R7
G1 X166.355 Y104.295 E.23439
M204 T1000
G1 X166.376 Y104.295 F18000
G1 X166.376 Y104.376
G1 X166.79 Y104.79
M204 P1000
;TYPE:Outer wall
;WIDTH:0.42
G1 F998
G1 X157.21 Y104.79 E.24085
G1 X157.21 Y95.21 E.24085
G1 X166.79 Y95.21 E.24085
G1 X166.79 Y104.73 E.23935
G1 X166.713 Y104.769
M204 T10000
;WIPE_START
G1 F7200
G1 X164.79 Y104.743 E-.8
;WIPE_END
G1 X160.916 Y103.584 Z2.84 F18000
G1 Z2.44
G1 E.8 F1500
M204 P10000
;TYPE:Sparse infill
;WIDTH:0.45
G1 F998
M106 S255
G1 X159.254 Y103.584 E.04505
G1 X161.174 Y96.416 E.20107
G1 X160.856 Y96.416 E.00861
G1 X165.584 Y101.144 E.18116
G1 X165.584 Y100.826 E.00861
G1 X158.416 Y102.746 E.20107
G1 X158.416 Y101.084 E.04505
; stop printing object cube10.stl id:0 copy 0
;LAYER_CHANGE
;Z:2.6
;HEIGHT:0.16
; layer_num: 15
G92 E0
G1 E-.24135 F3600
;WIPE_START
G1 F12888.166
G1 X158.416 Y102.746 E-.46442
G1 X158.742 Y102.659 E-.09423
;WIPE_END
;_SET_FAN_SPEED_CHANGING_LAYER
; printing object cube10.stl id:0 copy 0
G17
G3 Z3 I-.213 J1.198 P1  F18000
G1 X165.939 Y103.939 Z3
G1 Z2.6
G1 E.8 F1500
M204 P6000
;TYPE:Inner wall
G1 F992
G1 X158.061 Y103.939 E.21349
G1 X158.061 Y96.061 E.21349
G1 X165.939 Y96.061 E.21349
M73 P29 R7
G1 X165.939 Y103.879 E.21186
G1 X166.355 Y104.355 F18000
G1 F992
G1 X157.645 Y104.355 E.23602
G1 X157.645 Y95.645 E.23602
G1 X166.355 Y95.645 E.23602
G1 X166.355 Y104.295 E.23439
M204 T1000
G1 X166.376 Y104.295 F18000
G1 X166.376 Y104.376
G1 X166.79 Y104.79
M204 P1000
;TYPE:Outer wall
;WIDTH:0.42
G1 F992
G1 X157.21 Y104.79 E.24085
G1 X157.21 Y95.21 E.24085
G1 X166.79 Y95.21 E.24085
G1 X166.79 Y104.73 E.23935
G1 X166.713 Y104.769
M204 T10000
;WIPE_START
G1 F7200
G1 X164.79 Y104.743 E-.8
;WIPE_END
G1 X160.799 Y103.584 Z3 F18000
G1 Z2.6
G1 E.8 F1500
M204 P10000
;TYPE:Sparse infill
;WIDTH:0.45
G1 F992
M106 S255
G1 X159.136 Y103.584 E.04505
G1 X161.057 Y96.416 E.20107
G1 X161.016 Y96.416 E.0011
M73 P30 R7
G1 X165.584 Y100.984 E.17503
G1 X165.584 Y100.943 E.0011
G1 X158.416 Y102.864 E.20107
G1 X158.416 Y101.201 E.04505
; stop printing object cube10.stl id:0 copy 0
;LAYER_CHANGE
;Z:2.76
;HEIGHT:0.16
; layer_num: 16
G92 E0
G1 E-.24135 F3600
;WIPE_START
G1 F12888.166
G1 X158.416 Y102.864 E-.46442
G1 X158.742 Y102.776 E-.09423
;WIPE_END
;_SET_FAN_SPEED_CHANGING_LAYER
; printing object cube10.stl id:0 copy 0
G17
G3 Z3.16 I-.194 J1.201 P1  F18000
G1 X165.939 Y103.939 Z3.16
G1 Z2.76
G1 E.8 F1500
M204 P6000
;TYPE:Inner wall
G1 F993
G1 X158.061 Y103.939 E.21349
G1 X158.061 Y96.061 E.21349
G1 X165.939 Y96.061 E.21349
G1 X165.939 Y103.879 E.21186
G1 X166.355 Y104.355 F18000
G1 F993
G1 X157.645 Y104.355 E.23602
G1 X157.645 Y95.645 E.23602
G1 X166.355 Y95.645 E.23602
G1 X166.355 Y104.295 E.23439
M204 T1000
G1 X166.376 Y104.295 F18000
G1 X166.376 Y104.376
G1 X166.79 Y104.79
M204 P1000
;TYPE:Outer wall
;WIDTH:0.42
G1 F993
G1 X157.21 Y104.79 E.24085
G1 X157.21 Y95.21 E.24085
G1 X166.79 Y95.21 E.24085
M73 P31 R7
G1 X166.79 Y104.73 E.23935
G1 X166.713 Y104.769
M204 T10000
;WIPE_START
G1 F7200
G1 X164.79 Y104.743 E-.8
;WIPE_END
G1 X160.682 Y103.584 Z3.16 F18000
G1 Z2.76
G1 E.8 F1500
M204 P10000
;TYPE:Sparse infill
;WIDTH:0.45
G1 F993
M106 S255
G1 X159.019 Y103.584 E.04505
G1 X160.94 Y96.416 E.20107
G1 X161.176 Y96.416 E.00641
G1 X165.584 Y100.824 E.1689
G1 X165.584 Y101.06 E.00641
G1 X158.416 Y102.981 E.20107
G1 X158.416 Y101.318 E.04505
; stop printing object cube10.stl id:0 copy 0
;LAYER_CHANGE
;Z:2.92
;HEIGHT:0.16
; layer_num: 17
G92 E0
G1 E-.24135 F3600
;WIPE_START
G1 F12888.166
G1 X158.416 Y102.981 E-.46442
G1 X158.742 Y102.893 E-.09423
;WIPE_END
;_SET_FAN_SPEED_CHANGING_LAYER
; printing object cube10.stl id:0 copy 0
G17
G3 Z3.32 I-.175 J1.204 P1  F18000
G1 X165.939 Y103.939 Z3.32
G1 Z2.92
G1 E.8 F1500
M204 P6000
;TYPE:Inner wall
G1 F996
G1 X158.061 Y103.939 E.21349
G1 X158.061 Y96.061 E.21349
G1 X165.939 Y96.061 E.21349
G1 X165.939 Y103.879 E.21186
G1 X166.355 Y104.355 F18000
G1 F996
G1 X157.645 Y104.355 E.23602
G1 X157.645 Y95.645 E.23602
G1 X166.355 Y95.645 E.23602
G1 X166.355 Y104.295 E.23439
M73 P32 R7
M204 T1000
G1 X166.376 Y104.295 F18000
G1 X166.376 Y104.376
G1 X166.79 Y104.79
M204 P1000
;TYPE:Outer wall
;WIDTH:0.42
G1 F996
G1 X157.21 Y104.79 E.24085
G1 X157.21 Y95.21 E.24085
G1 X166.79 Y95.21 E.24085
G1 X166.79 Y104.73 E.23935
G1 X166.713 Y104.769
M204 T10000
;WIPE_START
G1 F7200
G1 X164.79 Y104.743 E-.8
;WIPE_END
G1 X160.565 Y103.584 Z3.32 F18000
G1 Z2.92
G1 E.8 F1500
M204 P10000
;TYPE:Sparse infill
;WIDTH:0.45
G1 F996
M106 S255
G1 X158.902 Y103.584 E.04505
G1 X160.823 Y96.416 E.20107
G1 X161.336 Y96.416 E.01392
G1 X165.584 Y100.664 E.16277
G1 X165.584 Y101.177 E.01392
G1 X158.416 Y103.098 E.20107
G1 X158.416 Y101.435 E.04505
; stop printing object cube10.stl id:0 copy 0
;LAYER_CHANGE
;Z:3.08
;HEIGHT:0.16
; layer_num: 18
G92 E0
G1 E-.24135 F3600
;WIPE_START
G1 F12888.166
G1 X158.416 Y103.098 E-.46442
G1 X158.742 Y103.011 E-.09423
;WIPE_END
;_SET_FAN_SPEED_CHANGING_LAYER
; printing object cube10.stl id:0 copy 0
G17
G3 Z3.48 I-.156 J1.207 P1  F18000
G1 X165.939 Y103.939 Z3.48
G1 Z3.08
G1 E.8 F1500
M204 P6000
;TYPE:Inner wall
G1 F1000
G1 X158.061 Y103.939 E.21349
G1 X158.061 Y96.061 E.21349
G1 X165.939 Y96.061 E.21349
G1 X165.939 Y103.879 E.21186
M73 P33 R7
G1 X166.355 Y104.355 F18000
G1 F1000
G1 X157.645 Y104.355 E.23602
G1 X157.645 Y95.645 E.23602
G1 X166.355 Y95.645 E.23602
G1 X166.355 Y104.295 E.23439
M204 T1000
G1 X166.376 Y104.295 F18000
G1 X166.376 Y104.376
G1 X166.79 Y104.79
M204 P1000
;TYPE:Outer wall
;WIDTH:0.42
G1 F1000
G1 X157.21 Y104.79 E.24085
G1 X157.21 Y95.21 E.24085
G1 X166.79 Y95.21 E.24085
G1 X166.79 Y104.73 E.23935
G1 X166.713 Y104.769
M204 T10000
;WIPE_START
G1 F7200
G1 X164.79 Y104.743 E-.8
;WIPE_END
G1 X163.323 Y97.252 Z3.48 F18000
G1 X163.159 Y96.416 Z3.48
G1 Z3.08
G1 E.8 F1500
M204 P10000
;TYPE:Sparse infill
;WIDTH:0.45
G1 F1000
M106 S255
G1 X161.496 Y96.416 E.04505
G1 X165.584 Y100.504 E.15664
G1 X165.584 Y101.294 E.02142
G1 X158.416 Y103.215 E.20107
G1 X158.416 Y103.584 E.00999
M73 P34 R7
G1 X158.785 Y103.584 E.00999
G1 X160.706 Y96.416 E.20107
G1 X159.043 Y96.416 E.04505
; stop printing object cube10.stl id:0 copy 0
;LAYER_CHANGE
;Z:3.24
;HEIGHT:0.16
; layer_num: 19
G92 E0
G1 E-.24135 F3600
;WIPE_START
G1 F12888.166
G1 X160.706 Y96.416 E-.46442
G1 X160.618 Y96.742 E-.09423
;WIPE_END
;_SET_FAN_SPEED_CHANGING_LAYER
; printing object cube10.stl id:0 copy 0
G17
G3 Z3.64 I-.979 J.723 P1  F18000
G1 X165.939 Y103.939 Z3.64
G1 Z3.24
G1 E.8 F1500
M204 P6000
;TYPE:Inner wall
G1 F998
G1 X158.061 Y103.939 E.21349
G1 X158.061 Y96.061 E.21349
G1 X165.939 Y96.061 E.21349
G1 X165.939 Y103.879 E.21186
G1 X166.355 Y104.355 F18000
G1 F998
G1 X157.645 Y104.355 E.23602
G1 X157.645 Y95.645 E.23602
G1 X166.355 Y95.645 E.23602
G1 X166.355 Y104.295 E.23439
M204 T1000
G1 X166.376 Y104.295 F18000
G1 X166.376 Y104.376
G1 X166.79 Y104.79
M204 P1000
;TYPE:Outer wall
;WIDTH:0.42
G1 F998
G1 X157.21 Y104.79 E.24085
G1 X157.21 Y95.21 E.24085
G1 X166.79 Y95.21 E.24085
G1 X166.79 Y104.73 E.23935
M73 P35 R7
G1 X166.713 Y104.769
M204 T10000
;WIPE_START
G1 F7200
G1 X164.79 Y104.743 E-.8
;WIPE_END
G1 X163.462 Y97.226 Z3.64 F18000
G1 X163.319 Y96.416 Z3.64
G1 Z3.24
G1 E.8 F1500
M204 P10000
;TYPE:Sparse infill
;WIDTH:0.45
G1 F998
M106 S255
G1 X161.656 Y96.416 E.04505
G1 X165.584 Y100.344 E.15051
G1 X165.584 Y101.412 E.02893
G1 X158.416 Y103.332 E.20107
G1 X158.416 Y103.584 E.00682
G1 X158.668 Y103.584 E.00682
G1 X160.588 Y96.416 E.20107
G1 X158.926 Y96.416 E.04505
; stop printing object cube10.stl id:0 copy 0
;LAYER_CHANGE
;Z:3.4
;HEIGHT:0.16
; layer_num: 20
G92 E0
G1 E-.24135 F3600
;WIPE_START
G1 F12888.166
G1 X160.588 Y96.416 E-.46442
G1 X160.501 Y96.742 E-.09423
;WIPE_END
;_SET_FAN_SPEED_CHANGING_LAYER
; printing object cube10.stl id:0 copy 0
G17
G3 Z3.8 I-.971 J.734 P1  F18000
G1 X165.939 Y103.939 Z3.8
G1 Z3.4
G1 E.8 F1500
M204 P6000
;TYPE:Inner wall
G1 F997
G1 X158.061 Y103.939 E.21349
G1 X158.061 Y96.061 E.21349
G1 X165.939 Y96.061 E.21349
G1 X165.939 Y103.879 E.21186
G1 X166.355 Y104.355 F18000
G1 F997
G1 X157.645 Y104.355 E.23602
G1 X157.645 Y95.645 E.23602
G1 X166.355 Y95.645 E.23602
M73 P35 R6
G1 X166.355 Y104.295 E.23439
M204 T1000
G1 X166.376 Y104.295 F18000
M73 P36 R6
G1 X166.376 Y104.376
G1 X166.79 Y104.79
M204 P1000
;TYPE:Outer wall
;WIDTH:0.42
G1 F997
G1 X157.21 Y104.79 E.24085
G1 X157.21 Y95.21 E.24085
G1 X166.79 Y95.21 E.24085
G1 X166.79 Y104.73 E.23935
G1 X166.713 Y104.769
M204 T10000
;WIPE_START
G1 F7200
G1 X164.79 Y104.743 E-.8
;WIPE_END
G1 X163.603 Y97.203 Z3.8 F18000
G1 X163.479 Y96.416 Z3.8
G1 Z3.4
G1 E.8 F1500
M204 P10000
;TYPE:Sparse infill
;WIDTH:0.45
G1 F997
M106 S255
G1 X161.816 Y96.416 E.04505
G1 X165.584 Y100.184 E.14438
G1 X165.584 Y101.529 E.03644
G1 X158.416 Y103.449 E.20107
G1 X158.416 Y103.584 E.00365
G1 X158.551 Y103.584 E.00365
G1 X160.471 Y96.416 E.20107
G1 X158.809 Y96.416 E.04505
; stop printing object cube10.stl id:0 copy 0
;LAYER_CHANGE
;Z:3.56
;HEIGHT:0.16
; layer_num: 21
G92 E0
G1 E-.24135 F3600
;WIPE_START
G1 F12888.166
G1 X160.471 Y96.416 E-.46442
G1 X160.384 Y96.742 E-.09423
;WIPE_END
;_SET_FAN_SPEED_CHANGING_LAYER
; printing object cube10.stl id:0 copy 0
G17
G3 Z3.96 I-.963 J.744 P1  F18000
G1 X165.939 Y103.939 Z3.96
G1 Z3.56
G1 E.8 F1500
M204 P6000
;TYPE:Inner wall
G1 F995
G1 X158.061 Y103.939 E.21349
G1 X158.061 Y96.061 E.21349
G1 X165.939 Y96.061 E.21349
G1 X165.939 Y103.879 E.21186
M73 P37 R6
G1 X166.355 Y104.355 F18000
G1 F995
G1 X157.645 Y104.355 E.23602
G1 X157.645 Y95.645 E.23602
G1 X166.355 Y95.645 E.23602
G1 X166.355 Y104.295 E.23439
M204 T1000
G1 X166.376 Y104.295 F18000
G1 X166.376 Y104.376
G1 X166.79 Y104.79
M204 P1000
;TYPE:Outer wall
;WIDTH:0.42
G1 F995
G1 X157.21 Y104.79 E.24085
G1 X157.21 Y95.21 E.24085
G1 X166.79 Y95.21 E.24085
G1 X166.79 Y104.73 E.23935
G1 X166.713 Y104.769
M204 T10000
;WIPE_START
G1 F7200
G1 X164.79 Y104.743 E-.8
;WIPE_END
G1 X163.745 Y97.182 Z3.96 F18000
G1 X163.639 Y96.416 Z3.96
G1 Z3.56
G1 E.8 F1500
M204 P10000
;TYPE:Sparse infill
;WIDTH:0.45
G1 F995
M106 S255
G1 X161.976 Y96.416 E.04505
G1 X165.584 Y100.024 E.13824
G1 X165.584 Y101.646 E.04395
G1 X158.416 Y103.584 E.20119
G1 X160.354 Y96.416 E.20119
G1 X158.692 Y96.416 E.04505
M73 P38 R6
; stop printing object cube10.stl id:0 copy 0
;LAYER_CHANGE
;Z:3.72
;HEIGHT:0.16
; layer_num: 22
G92 E0
G1 E-.24135 F3600
;WIPE_START
G1 F12888.166
G1 X160.354 Y96.416 E-.46442
G1 X160.266 Y96.742 E-.09423
;WIPE_END
;_SET_FAN_SPEED_CHANGING_LAYER
; printing object cube10.stl id:0 copy 0
G17
G3 Z4.12 I-.956 J.753 P1  F18000
G1 X165.939 Y103.939 Z4.12
G1 Z3.72
G1 E.8 F1500
M204 P6000
;TYPE:Inner wall
G1 F995
G1 X158.061 Y103.939 E.21349
G1 X158.061 Y96.061 E.21349
G1 X165.939 Y96.061 E.21349
G1 X165.939 Y103.879 E.21186
G1 X166.355 Y104.355 F18000
G1 F995
G1 X157.645 Y104.355 E.23602
G1 X157.645 Y95.645 E.23602
G1 X166.355 Y95.645 E.23602
G1 X166.355 Y104.295 E.23439
M204 T1000
G1 X166.376 Y104.295 F18000
G1 X166.376 Y104.376
G1 X166.79 Y104.79
M204 P1000
;TYPE:Outer wall
;WIDTH:0.42
G1 F995
G1 X157.21 Y104.79 E.24085
G1 X157.21 Y95.21 E.24085
G1 X166.79 Y95.21 E.24085
G1 X166.79 Y104.73 E.23935
G1 X166.713 Y104.769
M73 P39 R6
M204 T10000
;WIPE_START
G1 F7200
G1 X164.79 Y104.743 E-.8
;WIPE_END
G1 X163.888 Y97.164 Z4.12 F18000
G1 X163.799 Y96.416 Z4.12
G1 Z3.72
G1 E.8 F1500
M204 P10000
;TYPE:Sparse infill
;WIDTH:0.45
G1 F995
M106 S255
G1 X162.136 Y96.416 E.04505
G1 X165.584 Y99.864 E.13211
G1 X165.584 Y101.763 E.05146
G1 X158.788 Y103.584 E.19063
G1 X158.416 Y103.584 E.01008
G1 X158.416 Y103.212 E.01009
G1 X160.237 Y96.416 E.19063
G1 X158.574 Y96.416 E.04505
; stop printing object cube10.stl id:0 copy 0
;LAYER_CHANGE
;Z:3.88
;HEIGHT:0.16
; layer_num: 23
G92 E0
G1 E-.24135 F3600
;WIPE_START
G1 F12888.166
G1 X160.237 Y96.416 E-.46442
G1 X160.15 Y96.742 E-.09423
;WIPE_END
;_SET_FAN_SPEED_CHANGING_LAYER
; printing object cube10.stl id:0 copy 0
G17
G3 Z4.28 I-.948 J.763 P1  F18000
G1 X165.939 Y103.939 Z4.28
G1 Z3.88
G1 E.8 F1500
M204 P6000
;TYPE:Inner wall
G1 F996
G1 X158.061 Y103.939 E.21349
G1 X158.061 Y96.061 E.21349
G1 X165.939 Y96.061 E.21349
G1 X165.939 Y103.879 E.21186
G1 X166.355 Y104.355 F18000
G1 F996
G1 X157.645 Y104.355 E.23602
G1 X157.645 Y95.645 E.23602
G1 X166.355 Y95.645 E.23602
G1 X166.355 Y104.295 E.23439
M204 T1000
G1 X166.376 Y104.295 F18000
M73 P40 R6
G1 X166.376 Y104.376
G1 X166.79 Y104.79
M204 P1000
;TYPE:Outer wall
;WIDTH:0.42
G1 F996
G1 X157.21 Y104.79 E.24085
G1 X157.21 Y95.21 E.24085
G1 X166.79 Y95.21 E.24085
G1 X166.79 Y104.73 E.23935
G1 X166.713 Y104.769
M204 T10000
;WIPE_START
G1 F7200
G1 X164.79 Y104.743 E-.8
;WIPE_END
G1 X164.032 Y97.148 Z4.28 F18000
G1 X163.959 Y96.416 Z4.28
G1 Z3.88
G1 E.8 F1500
M204 P10000
;TYPE:Sparse infill
;WIDTH:0.45
G1 F996
M106 S255
G1 X162.296 Y96.416 E.04505
G1 X165.584 Y99.704 E.12598
G1 X165.584 Y101.88 E.05897
G1 X159.226 Y103.584 E.17837
G1 X158.416 Y103.584 E.02193
G1 X158.416 Y102.774 E.02193
G1 X160.12 Y96.416 E.17837
G1 X158.457 Y96.416 E.04505
; stop printing object cube10.stl id:0 copy 0
;LAYER_CHANGE
;Z:4.04
;HEIGHT:0.16
; layer_num: 24
G92 E0
G1 E-.24135 F3600
;WIPE_START
G1 F12888.166
G1 X160.12 Y96.416 E-.46442
G1 X160.033 Y96.742 E-.09423
;WIPE_END
;_SET_FAN_SPEED_CHANGING_LAYER
; printing object cube10.stl id:0 copy 0
G17
G3 Z4.44 I-.941 J.772 P1  F18000
G1 X165.939 Y103.939 Z4.44
G1 Z4.04
G1 E.8 F1500
M204 P6000
;TYPE:Inner wall
G1 F988
G1 X158.061 Y103.939 E.21349
G1 X158.061 Y96.061 E.21349
G1 X165.939 Y96.061 E.21349
G1 X165.939 Y103.879 E.21186
G1 X166.355 Y104.355 F18000
M73 P41 R6
G1 F988
G1 X157.645 Y104.355 E.23602
G1 X157.645 Y95.645 E.23602
G1 X166.355 Y95.645 E.23602
G1 X166.355 Y104.295 E.23439
M204 T1000
G1 X166.376 Y104.295 F18000
G1 X166.376 Y104.376
G1 X166.79 Y104.79
M204 P1000
;TYPE:Outer wall
;WIDTH:0.42
G1 F988
G1 X157.21 Y104.79 E.24085
G1 X157.21 Y95.21 E.24085
G1 X166.79 Y95.21 E.24085
G1 X166.79 Y104.73 E.23935
G1 X166.713 Y104.769
M204 T10000
;WIPE_START
G1 F7200
G1 X164.79 Y104.743 E-.8
;WIPE_END
G1 X158.416 Y103.168 Z4.44 F18000
G1 Z4.04
G1 E.8 F1500
M204 P10000
;TYPE:Sparse infill
;WIDTH:0.45
G1 F988
M106 S255
G1 X158.416 Y102.337 E.0225
G1 X160.003 Y96.416 E.1661
G1 X162.456 Y96.416 E.06648
G1 X165.584 Y99.544 E.11985
G1 X165.584 Y101.997 E.06648
G1 X159.663 Y103.584 E.16611
G1 X158.416 Y103.584 E.03377
G1 X158.416 Y103.168 E.01128
; stop printing object cube10.stl id:0 copy 0
;LAYER_CHANGE
;Z:4.2
;HEIGHT:0.16
; layer_num: 25
G92 E0
G1 E-.24135 F3600
;WIPE_START
G1 F12888.166
G1 X158.416 Y103.584 E-.11627
G1 X159.663 Y103.584 E-.34816
G1 X159.988 Y103.496 E-.09423
;WIPE_END
;_SET_FAN_SPEED_CHANGING_LAYER
; printing object cube10.stl id:0 copy 0
G17
G3 Z4.6 I-.09 J1.214 P1  F18000
G1 X165.939 Y103.939 Z4.6
G1 Z4.2
M73 P42 R6
G1 E.8 F1500
M204 P6000
;TYPE:Inner wall
G1 F990
G1 X158.061 Y103.939 E.21349
G1 X158.061 Y96.061 E.21349
G1 X165.939 Y96.061 E.21349
G1 X165.939 Y103.879 E.21186
G1 X166.355 Y104.355 F18000
G1 F990
G1 X157.645 Y104.355 E.23602
G1 X157.645 Y95.645 E.23602
G1 X166.355 Y95.645 E.23602
G1 X166.355 Y104.295 E.23439
M204 T1000
G1 X166.376 Y104.295 F18000
G1 X166.376 Y104.376
G1 X166.79 Y104.79
M204 P1000
;TYPE:Outer wall
;WIDTH:0.42
G1 F990
G1 X157.21 Y104.79 E.24085
G1 X157.21 Y95.21 E.24085
G1 X166.79 Y95.21 E.24085
G1 X166.79 Y104.73 E.23935
G1 X166.713 Y104.769
M73 P43 R6
M204 T10000
;WIPE_START
G1 F7200
G1 X164.79 Y104.743 E-.8
;WIPE_END
G1 X158.437 Y103.584 Z4.6 F18000
G1 Z4.2
G1 E.8 F1500
M204 P10000
;TYPE:Sparse infill
;WIDTH:0.45
G1 F990
M106 S255
G1 X160.1 Y103.584 E.04505
G1 X165.584 Y102.114 E.15384
G1 X165.584 Y99.384 E.07399
G1 X162.616 Y96.416 E.11372
G1 X159.886 Y96.416 E.07399
G1 X158.416 Y101.9 E.15384
G1 X158.416 Y103.563 E.04505
; stop printing object cube10.stl id:0 copy 0
;LAYER_CHANGE
;Z:4.36
;HEIGHT:0.16
; layer_num: 26
G92 E0
G1 E-.24135 F3600
;WIPE_START
G1 F12888.166
G1 X158.416 Y101.9 E-.46442
G1 X158.504 Y101.574 E-.09423
;WIPE_END
;_SET_FAN_SPEED_CHANGING_LAYER
; printing object cube10.stl id:0 copy 0
G17
G3 Z4.76 I-.369 J1.16 P1  F18000
G1 X165.939 Y103.939 Z4.76
G1 Z4.36
G1 E.8 F1500
M204 P6000
;TYPE:Inner wall
G1 F986
G1 X158.061 Y103.939 E.21349
G1 X158.061 Y96.061 E.21349
G1 X165.939 Y96.061 E.21349
G1 X165.939 Y103.879 E.21186
G1 X166.355 Y104.355 F18000
G1 F986
G1 X157.645 Y104.355 E.23602
G1 X157.645 Y95.645 E.23602
G1 X166.355 Y95.645 E.23602
G1 X166.355 Y104.295 E.23439
M204 T1000
G1 X166.376 Y104.295 F18000
G1 X166.376 Y104.376
G1 X166.79 Y104.79
M204 P1000
;TYPE:Outer wall
;WIDTH:0.42
G1 F986
G1 X157.21 Y104.79 E.24085
G1 X157.21 Y95.21 E.24085
M73 P44 R6
G1 X166.79 Y95.21 E.24085
G1 X166.79 Y104.73 E.23935
G1 X166.713 Y104.769
M204 T10000
;WIPE_START
G1 F7200
G1 X164.79 Y104.743 E-.8
;WIPE_END
G1 X158.874 Y103.584 Z4.76 F18000
G1 Z4.36
G1 E.8 F1500
M204 P10000
;TYPE:Sparse infill
;WIDTH:0.45
G1 F986
M106 S255
G1 X160.537 Y103.584 E.04505
G1 X165.584 Y102.231 E.14158
G1 X165.584 Y99.224 E.0815
G1 X162.776 Y96.416 E.10759
G1 X159.769 Y96.416 E.0815
G1 X158.416 Y101.463 E.14158
G1 X158.416 Y103.126 E.04505
; stop printing object cube10.stl id:0 copy 0
;LAYER_CHANGE
;Z:4.52
;HEIGHT:0.16
; layer_num: 27
G92 E0
G1 E-.24135 F3600
;WIPE_START
G1 F12888.166
G1 X158.416 Y101.463 E-.46442
G1 X158.504 Y101.137 E-.09423
;WIPE_END
;_SET_FAN_SPEED_CHANGING_LAYER
; printing object cube10.stl id:0 copy 0
G17
G3 Z4.92 I-.429 J1.139 P1  F18000
G1 X165.939 Y103.939 Z4.92
G1 Z4.52
G1 E.8 F1500
M204 P6000
;TYPE:Inner wall
G1 F981
G1 X158.061 Y103.939 E.21349
G1 X158.061 Y96.061 E.21349
G1 X165.939 Y96.061 E.21349
G1 X165.939 Y103.879 E.21186
G1 X166.355 Y104.355 F18000
G1 F981
G1 X157.645 Y104.355 E.23602
G1 X157.645 Y95.645 E.23602
M73 P45 R6
G1 X166.355 Y95.645 E.23602
M73 P45 R5
G1 X166.355 Y104.295 E.23439
M204 T1000
G1 X166.376 Y104.295 F18000
G1 X166.376 Y104.376
G1 X166.79 Y104.79
M204 P1000
;TYPE:Outer wall
;WIDTH:0.42
G1 F981
G1 X157.21 Y104.79 E.24085
G1 X157.21 Y95.21 E.24085
G1 X166.79 Y95.21 E.24085
G1 X166.79 Y104.73 E.23935
G1 X166.713 Y104.769
M204 T10000
;WIPE_START
G1 F7200
G1 X164.79 Y104.743 E-.8
;WIPE_END
G1 X159.311 Y103.584 Z4.92 F18000
G1 Z4.52
G1 E.8 F1500
M204 P10000
;TYPE:Sparse infill
;WIDTH:0.45
G1 F981
M106 S255
G1 X160.974 Y103.584 E.04505
G1 X165.584 Y102.349 E.12932
G1 X165.584 Y99.064 E.08901
G1 X162.936 Y96.416 E.10146
G1 X159.651 Y96.416 E.08901
G1 X158.416 Y101.026 E.12932
G1 X158.416 Y102.689 E.04505
; stop printing object cube10.stl id:0 copy 0
;LAYER_CHANGE
;Z:4.68
;HEIGHT:0.16
; layer_num: 28
G92 E0
G1 E-.24135 F3600
;WIPE_START
G1 F12888.166
G1 X158.416 Y101.026 E-.46442
G1 X158.504 Y100.7 E-.09423
;WIPE_END
;_SET_FAN_SPEED_CHANGING_LAYER
; printing object cube10.stl id:0 copy 0
G17
G3 Z5.08 I-.486 J1.116 P1  F18000
G1 X165.939 Y103.939 Z5.08
G1 Z4.68
G1 E.8 F1500
M204 P6000
;TYPE:Inner wall
G1 F977
G1 X158.061 Y103.939 E.21349
G1 X158.061 Y96.061 E.21349
M73 P46 R5
G1 X165.939 Y96.061 E.21349
G1 X165.939 Y103.879 E.21186
G1 X166.355 Y104.355 F18000
G1 F977
G1 X157.645 Y104.355 E.23602
G1 X157.645 Y95.645 E.23602
G1 X166.355 Y95.645 E.23602
G1 X166.355 Y104.295 E.23439
M204 T1000
G1 X166.376 Y104.295 F18000
G1 X166.376 Y104.376
G1 X166.79 Y104.79
M204 P1000
;TYPE:Outer wall
;WIDTH:0.42
G1 F977
G1 X157.21 Y104.79 E.24085
G1 X157.21 Y95.21 E.24085
G1 X166.79 Y95.21 E.24085
G1 X166.79 Y104.73 E.23935
G1 X166.713 Y104.769
M204 T10000
;WIPE_START
G1 F7200
G1 X164.79 Y104.743 E-.8
;WIPE_END
G1 X159.749 Y103.584 Z5.08 F18000
G1 Z4.68
M73 P47 R5
G1 E.8 F1500
M204 P10000
;TYPE:Sparse infill
;WIDTH:0.45
G1 F977
M106 S255
G1 X161.411 Y103.584 E.04505
G1 X165.584 Y102.466 E.11705
G1 X165.584 Y98.904 E.09652
G1 X163.096 Y96.416 E.09533
G1 X159.534 Y96.416 E.09652
G1 X158.416 Y100.589 E.11705
G1 X158.416 Y102.251 E.04505
; stop printing object cube10.stl id:0 copy 0
;LAYER_CHANGE
;Z:4.84
;HEIGHT:0.16
; layer_num: 29
G92 E0
G1 E-.24135 F3600
;WIPE_START
G1 F12888.166
G1 X158.416 Y100.589 E-.46442
G1 X158.504 Y100.263 E-.09423
;WIPE_END
;_SET_FAN_SPEED_CHANGING_LAYER
; printing object cube10.stl id:0 copy 0
G17
G3 Z5.24 I-.539 J1.091 P1  F18000
G1 X165.939 Y103.939 Z5.24
G1 Z4.84
G1 E.8 F1500
M204 P6000
;TYPE:Inner wall
G1 F995
G1 X158.061 Y103.939 E.21349
G1 X158.061 Y96.061 E.21349
G1 X165.939 Y96.061 E.21349
G1 X165.939 Y103.879 E.21186
G1 X166.355 Y104.355 F18000
G1 F995
G1 X157.645 Y104.355 E.23602
G1 X157.645 Y95.645 E.23602
G1 X166.355 Y95.645 E.23602
G1 X166.355 Y104.295 E.23439
M204 T1000
G1 X166.376 Y104.295 F18000
G1 X166.376 Y104.376
G1 X166.79 Y104.79
M204 P1000
;TYPE:Outer wall
;WIDTH:0.42
G1 F995
G1 X157.21 Y104.79 E.24085
G1 X157.21 Y95.21 E.24085
M73 P48 R5
G1 X166.79 Y95.21 E.24085
G1 X166.79 Y104.73 E.23935
G1 X166.713 Y104.769
M204 T10000
;WIPE_START
G1 F7200
G1 X164.79 Y104.743 E-.8
;WIPE_END
G1 X164.908 Y97.111 Z5.24 F18000
G1 X164.919 Y96.416 Z5.24
G1 Z4.84
G1 E.8 F1500
M204 P10000
;TYPE:Sparse infill
;WIDTH:0.45
G1 F995
M106 S255
G1 X163.256 Y96.416 E.04505
G1 X165.584 Y98.744 E.08919
G1 X165.584 Y102.583 E.10403
G1 X161.848 Y103.584 E.10479
G1 X158.667 Y103.584 E.0862
G1 X158.416 Y103.333 E.00961
G1 X158.416 Y100.152 E.0862
G1 X159.417 Y96.416 E.10479
G1 X161.08 Y96.416 E.04505
; stop printing object cube10.stl id:0 copy 0
;LAYER_CHANGE
;Z:5
;HEIGHT:0.16
; layer_num: 30
G92 E0
G1 E-.24135 F3600
;WIPE_START
G1 F12888.166
G1 X159.417 Y96.416 E-.46442
G1 X159.33 Y96.742 E-.09423
;WIPE_END
;_SET_FAN_SPEED_CHANGING_LAYER
; printing object cube10.stl id:0 copy 0
G17
G3 Z5.4 I-.896 J.823 P1  F18000
G1 X165.939 Y103.939 Z5.4
G1 Z5
G1 E.8 F1500
M204 P6000
;TYPE:Inner wall
G1 F995
G1 X158.061 Y103.939 E.21349
G1 X158.061 Y96.061 E.21349
G1 X165.939 Y96.061 E.21349
G1 X165.939 Y103.879 E.21186
G1 X166.355 Y104.355 F18000
G1 F995
G1 X157.645 Y104.355 E.23602
G1 X157.645 Y95.645 E.23602
G1 X166.355 Y95.645 E.23602
M73 P49 R5
G1 X166.355 Y104.295 E.23439
M204 T1000
G1 X166.376 Y104.295 F18000
G1 X166.376 Y104.376
G1 X166.79 Y104.79
M204 P1000
;TYPE:Outer wall
;WIDTH:0.42
G1 F995
G1 X157.21 Y104.79 E.24085
G1 X157.21 Y95.21 E.24085
G1 X166.79 Y95.21 E.24085
G1 X166.79 Y104.73 E.23935
G1 X166.713 Y104.769
M204 T10000
;WIPE_START
G1 F7200
G1 X164.79 Y104.743 E-.8
;WIPE_END
G1 X165.055 Y97.115 Z5.4 F18000
G1 X165.079 Y96.416 Z5.4
G1 Z5
G1 E.8 F1500
M204 P10000
;TYPE:Sparse infill
;WIDTH:0.45
G1 F995
M106 S255
G1 X163.416 Y96.416 E.04505
G1 X165.584 Y98.584 E.08306
G1 X165.584 Y102.7 E.11154
G1 X162.285 Y103.584 E.09253
G1 X158.827 Y103.584 E.09371
G1 X158.416 Y103.173 E.01574
G1 X158.416 Y99.715 E.09371
G1 X159.3 Y96.416 E.09253
G1 X160.963 Y96.416 E.04505
; stop printing object cube10.stl id:0 copy 0
;LAYER_CHANGE
;Z:5.16
;HEIGHT:0.16
; layer_num: 31
G92 E0
G1 E-.24135 F3600
;WIPE_START
G1 F12888.166
G1 X159.3 Y96.416 E-.46442
G1 X159.213 Y96.742 E-.09423
;WIPE_END
;_SET_FAN_SPEED_CHANGING_LAYER
; printing object cube10.stl id:0 copy 0
G17
G3 Z5.56 I-.889 J.831 P1  F18000
G1 X165.939 Y103.939 Z5.56
G1 Z5.16
G1 E.8 F1500
M204 P6000
;TYPE:Inner wall
G1 F994
G1 X158.061 Y103.939 E.21349
G1 X158.061 Y96.061 E.21349
M73 P50 R5
G1 X165.939 Y96.061 E.21349
G1 X165.939 Y103.879 E.21186
G1 X166.355 Y104.355 F18000
G1 F994
G1 X157.645 Y104.355 E.23602
G1 X157.645 Y95.645 E.23602
G1 X166.355 Y95.645 E.23602
G1 X166.355 Y104.295 E.23439
M204 T1000
G1 X166.376 Y104.295 F18000
G1 X166.376 Y104.376
G1 X166.79 Y104.79
M204 P1000
;TYPE:Outer wall
;WIDTH:0.42
G1 F994
G1 X157.21 Y104.79 E.24085
G1 X157.21 Y95.21 E.24085
G1 X166.79 Y95.21 E.24085
G1 X166.79 Y104.73 E.23935
G1 X166.713 Y104.769
M204 T10000
;WIPE_START
G1 F7200
G1 X164.79 Y104.743 E-.8
;WIPE_END
G1 X165.201 Y97.121 Z5.56 F18000
G1 X165.239 Y96.416 Z5.56
G1 Z5.16
G1 E.8 F1500
M204 P10000
;TYPE:Sparse infill
;WIDTH:0.45
G1 F994
M106 S255
G1 X163.576 Y96.416 E.04505
G1 X165.584 Y98.424 E.07693
G1 X165.584 Y102.817 E.11905
M73 P51 R5
G1 X162.723 Y103.584 E.08027
G1 X158.987 Y103.584 E.10122
G1 X158.416 Y103.013 E.02187
G1 X158.416 Y99.277 E.10122
G1 X159.183 Y96.416 E.08027
G1 X160.846 Y96.416 E.04505
; stop printing object cube10.stl id:0 copy 0
;LAYER_CHANGE
;Z:5.32
;HEIGHT:0.16
; layer_num: 32
G92 E0
G1 E-.24135 F3600
;WIPE_START
G1 F12888.166
G1 X159.183 Y96.416 E-.46442
G1 X159.096 Y96.742 E-.09423
;WIPE_END
;_SET_FAN_SPEED_CHANGING_LAYER
; printing object cube10.stl id:0 copy 0
G17
G3 Z5.72 I-.882 J.839 P1  F18000
G1 X165.939 Y103.939 Z5.72
G1 Z5.32
G1 E.8 F1500
M204 P6000
;TYPE:Inner wall
G1 F994
G1 X158.061 Y103.939 E.21349
G1 X158.061 Y96.061 E.21349
G1 X165.939 Y96.061 E.21349
G1 X165.939 Y103.879 E.21186
G1 X166.355 Y104.355 F18000
G1 F994
G1 X157.645 Y104.355 E.23602
G1 X157.645 Y95.645 E.23602
G1 X166.355 Y95.645 E.23602
G1 X166.355 Y104.295 E.23439
M204 T1000
G1 X166.376 Y104.295 F18000
G1 X166.376 Y104.376
G1 X166.79 Y104.79
M204 P1000
;TYPE:Outer wall
;WIDTH:0.42
G1 F994
G1 X157.21 Y104.79 E.24085
G1 X157.21 Y95.21 E.24085
G1 X166.79 Y95.21 E.24085
M73 P52 R5
G1 X166.79 Y104.73 E.23935
G1 X166.713 Y104.769
M204 T10000
;WIPE_START
G1 F7200
G1 X164.79 Y104.743 E-.8
;WIPE_END
G1 X165.347 Y97.13 Z5.72 F18000
G1 X165.399 Y96.416 Z5.72
G1 Z5.32
G1 E.8 F1500
M204 P10000
;TYPE:Sparse infill
;WIDTH:0.45
G1 F994
M106 S255
G1 X163.736 Y96.416 E.04505
G1 X165.584 Y98.264 E.0708
G1 X165.584 Y102.934 E.12656
G1 X163.16 Y103.584 E.068
G1 X159.147 Y103.584 E.10873
G1 X158.416 Y102.853 E.02801
G1 X158.416 Y98.84 E.10873
G1 X159.066 Y96.416 E.068
G1 X160.728 Y96.416 E.04505
; stop printing object cube10.stl id:0 copy 0
;LAYER_CHANGE
;Z:5.48
;HEIGHT:0.16
; layer_num: 33
G92 E0
G1 E-.24135 F3600
;WIPE_START
G1 F12888.166
G1 X159.066 Y96.416 E-.46442
G1 X158.978 Y96.742 E-.09423
;WIPE_END
;_SET_FAN_SPEED_CHANGING_LAYER
; printing object cube10.stl id:0 copy 0
G17
G3 Z5.88 I-.875 J.846 P1  F18000
G1 X165.939 Y103.939 Z5.88
G1 Z5.48
G1 E.8 F1500
M204 P6000
;TYPE:Inner wall
G1 F993
G1 X158.061 Y103.939 E.21349
G1 X158.061 Y96.061 E.21349
G1 X165.939 Y96.061 E.21349
G1 X165.939 Y103.879 E.21186
G1 X166.355 Y104.355 F18000
G1 F993
G1 X157.645 Y104.355 E.23602
G1 X157.645 Y95.645 E.23602
G1 X166.355 Y95.645 E.23602
M73 P53 R5
G1 X166.355 Y104.295 E.23439
M204 T1000
G1 X166.376 Y104.295 F18000
G1 X166.376 Y104.376
G1 X166.79 Y104.79
M204 P1000
;TYPE:Outer wall
;WIDTH:0.42
G1 F993
G1 X157.21 Y104.79 E.24085
G1 X157.21 Y95.21 E.24085
G1 X166.79 Y95.21 E.24085
G1 X166.79 Y104.73 E.23935
G1 X166.713 Y104.769
M204 T10000
;WIPE_START
G1 F7200
G1 X164.79 Y104.743 E-.8
;WIPE_END
G1 X165.492 Y97.142 Z5.88 F18000
G1 X165.559 Y96.416 Z5.88
G1 Z5.48
G1 E.8 F1500
M204 P10000
;TYPE:Sparse infill
;WIDTH:0.45
G1 F993
M106 S255
G1 X163.896 Y96.416 E.04505
G1 X165.584 Y98.104 E.06467
G1 X165.584 Y103.051 E.13407
G1 X163.597 Y103.584 E.05574
G1 X159.307 Y103.584 E.11624
G1 X158.416 Y102.693 E.03414
G1 X158.416 Y98.403 E.11624
G1 X158.949 Y96.416 E.05574
G1 X160.611 Y96.416 E.04505
; stop printing object cube10.stl id:0 copy 0
;LAYER_CHANGE
;Z:5.64
;HEIGHT:0.16
; layer_num: 34
G92 E0
G1 E-.24135 F3600
;WIPE_START
G1 F12888.166
G1 X158.949 Y96.416 E-.46442
G1 X158.861 Y96.742 E-.09423
;WIPE_END
;_SET_FAN_SPEED_CHANGING_LAYER
; printing object cube10.stl id:0 copy 0
G17
G3 Z6.04 I-.868 J.853 P1  F18000
G1 X165.939 Y103.939 Z6.04
G1 Z5.64
G1 E.8 F1500
M204 P6000
;TYPE:Inner wall
G1 F993
G1 X158.061 Y103.939 E.21349
G1 X158.061 Y96.061 E.21349
G1 X165.939 Y96.061 E.21349
M73 P54 R5
G1 X165.939 Y103.879 E.21186
G1 X166.355 Y104.355 F18000
G1 F993
G1 X157.645 Y104.355 E.23602
G1 X157.645 Y95.645 E.23602
M73 P54 R4
G1 X166.355 Y95.645 E.23602
G1 X166.355 Y104.295 E.23439
M204 T1000
G1 X166.376 Y104.295 F18000
G1 X166.376 Y104.376
G1 X166.79 Y104.79
M204 P1000
;TYPE:Outer wall
;WIDTH:0.42
G1 F993
G1 X157.21 Y104.79 E.24085
G1 X157.21 Y95.21 E.24085
G1 X166.79 Y95.21 E.24085
G1 X166.79 Y104.73 E.23935
G1 X166.713 Y104.769
M204 T10000
;WIPE_START
G1 F7200
G1 X164.79 Y104.743 E-.8
;WIPE_END
G1 X162.679 Y97.408 Z6.04 F18000
G1 X162.394 Y96.416 Z6.04
G1 Z5.64
G1 E.8 F1500
M204 P10000
;TYPE:Sparse infill
;WIDTH:0.45
G1 F993
M106 S255
G1 X164.056 Y96.416 E.04505
G1 X165.584 Y97.944 E.05854
G1 X165.584 Y103.168 E.14157
G1 X164.034 Y103.584 E.04348
G1 X159.467 Y103.584 E.12375
M73 P55 R4
G1 X158.416 Y102.533 E.04027
G1 X158.416 Y97.966 E.12375
G1 X158.832 Y96.416 E.04348
G1 X160.494 Y96.416 E.04505
; stop printing object cube10.stl id:0 copy 0
;LAYER_CHANGE
;Z:5.8
;HEIGHT:0.16
; layer_num: 35
G92 E0
G1 E-.24135 F3600
;WIPE_START
G1 F12888.166
G1 X158.832 Y96.416 E-.46442
G1 X158.744 Y96.742 E-.09423
;WIPE_END
;_SET_FAN_SPEED_CHANGING_LAYER
; printing object cube10.stl id:0 copy 0
G17
G3 Z6.2 I-.861 J.86 P1  F18000
G1 X165.939 Y103.939 Z6.2
G1 Z5.8
G1 E.8 F1500
M204 P6000
;TYPE:Inner wall
G1 F977
G1 X158.061 Y103.939 E.21349
G1 X158.061 Y96.061 E.21349
G1 X165.939 Y96.061 E.21349
G1 X165.939 Y103.879 E.21186
G1 X166.355 Y104.355 F18000
G1 F977
G1 X157.645 Y104.355 E.23602
G1 X157.645 Y95.645 E.23602
G1 X166.355 Y95.645 E.23602
G1 X166.355 Y104.295 E.23439
M204 T1000
G1 X166.376 Y104.295 F18000
G1 X166.376 Y104.376
G1 X166.79 Y104.79
M204 P1000
;TYPE:Outer wall
;WIDTH:0.42
G1 F977
G1 X157.21 Y104.79 E.24085
G1 X157.21 Y95.21 E.24085
G1 X166.79 Y95.21 E.24085
M73 P56 R4
G1 X166.79 Y104.73 E.23935
G1 X166.713 Y104.769
M204 T10000
;WIPE_START
G1 F7200
G1 X164.79 Y104.743 E-.8
;WIPE_END
G1 X164.679 Y103.584 Z6.2 F18000
G1 Z5.8
G1 E.8 F1500
M204 P10000
;TYPE:Sparse infill
;WIDTH:0.45
G1 F977
M106 S255
G1 X165.4 Y103.584 E.01955
G1 X165.584 Y102.899 E.0192
G1 X165.584 Y103.286 E.01047
G1 X164.471 Y103.584 E.03122
G1 X159.627 Y103.584 E.13126
G1 X158.416 Y102.373 E.0464
G1 X158.416 Y97.529 E.13126
G1 X158.714 Y96.416 E.03121
G1 X159.101 Y96.416 E.01047
G1 X158.416 Y96.6 E.0192
G1 X158.416 Y97.321 E.01955
G1 X162.554 Y96.416 F18000
G1 F977
G1 X164.216 Y96.416 E.04505
G1 X165.584 Y97.784 E.05241
G1 X165.584 Y99.446 E.04505
; stop printing object cube10.stl id:0 copy 0
;LAYER_CHANGE
;Z:5.96
;HEIGHT:0.16
; layer_num: 36
G92 E0
G1 E-.24135 F3600
;WIPE_START
G1 F12888.166
G1 X165.584 Y97.784 E-.46442
G1 X165.345 Y97.545 E-.09423
;WIPE_END
;_SET_FAN_SPEED_CHANGING_LAYER
; printing object cube10.stl id:0 copy 0
G17
G3 Z6.36 I-1.212 J.113 P1  F18000
G1 X165.939 Y103.939 Z6.36
G1 Z5.96
G1 E.8 F1500
M204 P6000
;TYPE:Inner wall
G1 F977
G1 X158.061 Y103.939 E.21349
G1 X158.061 Y96.061 E.21349
G1 X165.939 Y96.061 E.21349
G1 X165.939 Y103.879 E.21186
G1 X166.355 Y104.355 F18000
G1 F977
G1 X157.645 Y104.355 E.23602
G1 X157.645 Y95.645 E.23602
G1 X166.355 Y95.645 E.23602
G1 X166.355 Y104.295 E.23439
M73 P57 R4
M204 T1000
G1 X166.376 Y104.295 F18000
G1 X166.376 Y104.376
G1 X166.79 Y104.79
M204 P1000
;TYPE:Outer wall
;WIDTH:0.42
G1 F977
G1 X157.21 Y104.79 E.24085
G1 X157.21 Y95.21 E.24085
G1 X166.79 Y95.21 E.24085
G1 X166.79 Y104.73 E.23935
G1 X166.713 Y104.769
M204 T10000
;WIPE_START
G1 F7200
G1 X164.79 Y104.743 E-.8
;WIPE_END
G1 X165.584 Y102.67 Z6.36 F18000
G1 Z5.96
G1 E.8 F1500
M204 P10000
;TYPE:Sparse infill
;WIDTH:0.45
G1 F977
M106 S255
G1 X165.584 Y103.403 E.01986
G1 X164.908 Y103.584 E.01895
G1 X165.283 Y103.584 E.01016
G1 X165.584 Y102.462 E.03146
G1 X165.584 Y97.624 E.13111
G1 X164.376 Y96.416 E.04627
G1 X159.538 Y96.416 E.13111
G1 X158.416 Y96.717 E.03146
G1 X158.416 Y97.092 E.01016
G1 X158.597 Y96.416 E.01895
G1 X159.33 Y96.416 E.01986
G1 X158.416 Y100.55 F18000
G1 F977
G1 X158.416 Y102.213 E.04505
G1 X159.787 Y103.584 E.05253
G1 X161.45 Y103.584 E.04505
; stop printing object cube10.stl id:0 copy 0
;LAYER_CHANGE
;Z:6.12
;HEIGHT:0.16
; layer_num: 37
G92 E0
G1 E-.24135 F3600
;WIPE_START
G1 F12888.166
G1 X159.787 Y103.584 E-.46442
G1 X159.548 Y103.345 E-.09423
;WIPE_END
;_SET_FAN_SPEED_CHANGING_LAYER
; printing object cube10.stl id:0 copy 0
G17
G3 Z6.52 I-.113 J1.212 P1  F18000
G1 X165.939 Y103.939 Z6.52
G1 Z6.12
G1 E.8 F1500
M204 P6000
;TYPE:Inner wall
G1 F992
G1 X158.061 Y103.939 E.21349
G1 X158.061 Y96.061 E.21349
G1 X165.939 Y96.061 E.21349
G1 X165.939 Y103.879 E.21186
M73 P58 R4
G1 X166.355 Y104.355 F18000
G1 F992
G1 X157.645 Y104.355 E.23602
G1 X157.645 Y95.645 E.23602
G1 X166.355 Y95.645 E.23602
G1 X166.355 Y104.295 E.23439
M204 T1000
G1 X166.376 Y104.295 F18000
G1 X166.376 Y104.376
G1 X166.79 Y104.79
M204 P1000
;TYPE:Outer wall
;WIDTH:0.42
G1 F992
G1 X157.21 Y104.79 E.24085
G1 X157.21 Y95.21 E.24085
G1 X166.79 Y95.21 E.24085
G1 X166.79 Y104.73 E.23935
G1 X166.713 Y104.769
M204 T10000
;WIPE_START
G1 F7200
G1 X164.79 Y104.743 E-.8
;WIPE_END
G1 X158.487 Y100.439 Z6.52 F18000
G1 X158.416 Y100.39 Z6.52
G1 Z6.12
G1 E.8 F1500
M204 P10000
;TYPE:Sparse infill
;WIDTH:0.45
G1 F992
M106 S255
G1 X158.416 Y102.053 E.04505
G1 X159.947 Y103.584 E.05866
G1 X165.166 Y103.584 E.14142
G1 X165.584 Y102.025 E.04373
G1 X165.584 Y97.464 E.1236
G1 X164.536 Y96.416 E.04014
M73 P59 R4
G1 X159.975 Y96.416 E.1236
G1 X158.416 Y96.834 E.04373
G1 X158.416 Y98.497 E.04505
; stop printing object cube10.stl id:0 copy 0
;LAYER_CHANGE
;Z:6.28
;HEIGHT:0.16
; layer_num: 38
G92 E0
G1 E-.24135 F3600
;WIPE_START
G1 F12888.166
G1 X158.416 Y96.834 E-.46442
G1 X158.742 Y96.747 E-.09423
;WIPE_END
;_SET_FAN_SPEED_CHANGING_LAYER
; printing object cube10.stl id:0 copy 0
G17
G3 Z6.68 I-.86 J.861 P1  F18000
G1 X165.939 Y103.939 Z6.68
G1 Z6.28
G1 E.8 F1500
M204 P6000
;TYPE:Inner wall
G1 F993
G1 X158.061 Y103.939 E.21349
G1 X158.061 Y96.061 E.21349
G1 X165.939 Y96.061 E.21349
G1 X165.939 Y103.879 E.21186
G1 X166.355 Y104.355 F18000
G1 F993
G1 X157.645 Y104.355 E.23602
G1 X157.645 Y95.645 E.23602
G1 X166.355 Y95.645 E.23602
G1 X166.355 Y104.295 E.23439
M204 T1000
G1 X166.376 Y104.295 F18000
G1 X166.376 Y104.376
G1 X166.79 Y104.79
M204 P1000
;TYPE:Outer wall
;WIDTH:0.42
G1 F993
G1 X157.21 Y104.79 E.24085
G1 X157.21 Y95.21 E.24085
G1 X166.79 Y95.21 E.24085
G1 X166.79 Y104.73 E.23935
M73 P60 R4
G1 X166.713 Y104.769
M204 T10000
;WIPE_START
G1 F7200
G1 X164.79 Y104.743 E-.8
;WIPE_END
G1 X158.561 Y100.333 Z6.68 F18000
G1 X158.416 Y100.23 Z6.68
G1 Z6.28
G1 E.8 F1500
M204 P10000
;TYPE:Sparse infill
;WIDTH:0.45
G1 F993
M106 S255
G1 X158.416 Y101.893 E.04505
G1 X160.107 Y103.584 E.06479
G1 X165.049 Y103.584 E.13391
G1 X165.584 Y101.588 E.05599
G1 X165.584 Y97.304 E.11609
G1 X164.696 Y96.416 E.03401
G1 X160.412 Y96.416 E.11609
G1 X158.416 Y96.951 E.05599
G1 X158.416 Y98.614 E.04505
; stop printing object cube10.stl id:0 copy 0
;LAYER_CHANGE
;Z:6.44
;HEIGHT:0.16
; layer_num: 39
G92 E0
G1 E-.24135 F3600
;WIPE_START
G1 F12888.166
G1 X158.416 Y96.951 E-.46442
G1 X158.742 Y96.864 E-.09423
;WIPE_END
;_SET_FAN_SPEED_CHANGING_LAYER
; printing object cube10.stl id:0 copy 0
G17
G3 Z6.84 I-.853 J.868 P1  F18000
G1 X165.939 Y103.939 Z6.84
G1 Z6.44
G1 E.8 F1500
M204 P6000
;TYPE:Inner wall
G1 F994
G1 X158.061 Y103.939 E.21349
G1 X158.061 Y96.061 E.21349
G1 X165.939 Y96.061 E.21349
G1 X165.939 Y103.879 E.21186
G1 X166.355 Y104.355 F18000
G1 F994
G1 X157.645 Y104.355 E.23602
G1 X157.645 Y95.645 E.23602
G1 X166.355 Y95.645 E.23602
G1 X166.355 Y104.295 E.23439
M204 T1000
G1 X166.376 Y104.295 F18000
M73 P61 R4
G1 X166.376 Y104.376
G1 X166.79 Y104.79
M204 P1000
;TYPE:Outer wall
;WIDTH:0.42
G1 F994
G1 X157.21 Y104.79 E.24085
G1 X157.21 Y95.21 E.24085
G1 X166.79 Y95.21 E.24085
G1 X166.79 Y104.73 E.23935
G1 X166.713 Y104.769
M204 T10000
;WIPE_START
G1 F7200
G1 X164.79 Y104.743 E-.8
;WIPE_END
G1 X158.634 Y100.23 Z6.84 F18000
G1 X158.416 Y100.07 Z6.84
G1 Z6.44
G1 E.8 F1500
M204 P10000
;TYPE:Sparse infill
;WIDTH:0.45
G1 F994
M106 S255
G1 X158.416 Y101.733 E.04505
G1 X160.267 Y103.584 E.07092
G1 X164.932 Y103.584 E.1264
G1 X165.584 Y101.151 E.06825
G1 X165.584 Y97.144 E.10858
G1 X164.856 Y96.416 E.02788
G1 X160.849 Y96.416 E.10858
G1 X158.416 Y97.068 E.06825
G1 X158.416 Y98.731 E.04505
; stop printing object cube10.stl id:0 copy 0
;LAYER_CHANGE
;Z:6.6
;HEIGHT:0.16
; layer_num: 40
G92 E0
G1 E-.24135 F3600
;WIPE_START
G1 F12888.166
G1 X158.416 Y97.068 E-.46442
G1 X158.742 Y96.981 E-.09423
;WIPE_END
;_SET_FAN_SPEED_CHANGING_LAYER
; printing object cube10.stl id:0 copy 0
G17
G3 Z7 I-.846 J.875 P1  F18000
G1 X165.939 Y103.939 Z7
G1 Z6.6
G1 E.8 F1500
M204 P6000
;TYPE:Inner wall
G1 F994
G1 X158.061 Y103.939 E.21349
G1 X158.061 Y96.061 E.21349
G1 X165.939 Y96.061 E.21349
G1 X165.939 Y103.879 E.21186
G1 X166.355 Y104.355 F18000
M73 P62 R4
G1 F994
G1 X157.645 Y104.355 E.23602
G1 X157.645 Y95.645 E.23602
G1 X166.355 Y95.645 E.23602
G1 X166.355 Y104.295 E.23439
M204 T1000
G1 X166.376 Y104.295 F18000
G1 X166.376 Y104.376
G1 X166.79 Y104.79
M204 P1000
;TYPE:Outer wall
;WIDTH:0.42
G1 F994
G1 X157.21 Y104.79 E.24085
G1 X157.21 Y95.21 E.24085
G1 X166.79 Y95.21 E.24085
G1 X166.79 Y104.73 E.23935
G1 X166.713 Y104.769
M204 T10000
;WIPE_START
G1 F7200
G1 X164.79 Y104.743 E-.8
;WIPE_END
G1 X158.708 Y100.131 Z7 F18000
G1 X158.416 Y99.91 Z7
G1 Z6.6
G1 E.8 F1500
M204 P10000
;TYPE:Sparse infill
;WIDTH:0.45
G1 F994
M106 S255
G1 X158.416 Y101.573 E.04505
G1 X160.427 Y103.584 E.07706
G1 X164.815 Y103.584 E.11889
G1 X165.584 Y100.714 E.08052
G1 X165.584 Y96.984 E.10107
G1 X165.016 Y96.416 E.02175
G1 X161.286 Y96.416 E.10107
G1 X158.416 Y97.185 E.08051
G1 X158.416 Y98.848 E.04505
M73 P63 R4
; stop printing object cube10.stl id:0 copy 0
;LAYER_CHANGE
;Z:6.76
;HEIGHT:0.16
; layer_num: 41
G92 E0
G1 E-.24135 F3600
;WIPE_START
G1 F12888.166
G1 X158.416 Y97.185 E-.46442
G1 X158.742 Y97.098 E-.09423
;WIPE_END
;_SET_FAN_SPEED_CHANGING_LAYER
; printing object cube10.stl id:0 copy 0
G17
G3 Z7.16 I-.838 J.882 P1  F18000
G1 X165.939 Y103.939 Z7.16
G1 Z6.76
G1 E.8 F1500
M204 P6000
;TYPE:Inner wall
G1 F994
G1 X158.061 Y103.939 E.21349
G1 X158.061 Y96.061 E.21349
G1 X165.939 Y96.061 E.21349
G1 X165.939 Y103.879 E.21186
G1 X166.355 Y104.355 F18000
G1 F994
G1 X157.645 Y104.355 E.23602
G1 X157.645 Y95.645 E.23602
M73 P63 R3
G1 X166.355 Y95.645 E.23602
G1 X166.355 Y104.295 E.23439
M204 T1000
G1 X166.376 Y104.295 F18000
G1 X166.376 Y104.376
G1 X166.79 Y104.79
M204 P1000
;TYPE:Outer wall
;WIDTH:0.42
G1 F994
G1 X157.21 Y104.79 E.24085
G1 X157.21 Y95.21 E.24085
G1 X166.79 Y95.21 E.24085
G1 X166.79 Y104.73 E.23935
G1 X166.713 Y104.769
M73 P64 R3
M204 T10000
;WIPE_START
G1 F7200
G1 X164.79 Y104.743 E-.8
;WIPE_END
G1 X158.416 Y103.076 Z7.16 F18000
G1 Z6.76
G1 E.8 F1500
M204 P10000
;TYPE:Sparse infill
;WIDTH:0.45
G1 F994
M106 S255
G1 X158.416 Y101.413 E.04505
G1 X160.587 Y103.584 E.08319
G1 X164.698 Y103.584 E.11138
G1 X165.584 Y100.277 E.09278
G1 X165.584 Y96.824 E.09356
G1 X165.176 Y96.416 E.01562
G1 X161.723 Y96.416 E.09356
G1 X158.416 Y97.302 E.09278
G1 X158.416 Y98.965 E.04505
; stop printing object cube10.stl id:0 copy 0
;LAYER_CHANGE
;Z:6.92
;HEIGHT:0.16
; layer_num: 42
G92 E0
G1 E-.24135 F3600
;WIPE_START
G1 F12888.166
G1 X158.416 Y97.302 E-.46442
G1 X158.742 Y97.215 E-.09423
;WIPE_END
;_SET_FAN_SPEED_CHANGING_LAYER
; printing object cube10.stl id:0 copy 0
G17
G3 Z7.32 I-.831 J.889 P1  F18000
G1 X165.939 Y103.939 Z7.32
G1 Z6.92
G1 E.8 F1500
M204 P6000
;TYPE:Inner wall
G1 F995
G1 X158.061 Y103.939 E.21349
G1 X158.061 Y96.061 E.21349
G1 X165.939 Y96.061 E.21349
G1 X165.939 Y103.879 E.21186
G1 X166.355 Y104.355 F18000
G1 F995
G1 X157.645 Y104.355 E.23602
G1 X157.645 Y95.645 E.23602
G1 X166.355 Y95.645 E.23602
G1 X166.355 Y104.295 E.23439
M204 T1000
G1 X166.376 Y104.295 F18000
M73 P65 R3
G1 X166.376 Y104.376
G1 X166.79 Y104.79
M204 P1000
;TYPE:Outer wall
;WIDTH:0.42
G1 F995
G1 X157.21 Y104.79 E.24085
G1 X157.21 Y95.21 E.24085
G1 X166.79 Y95.21 E.24085
G1 X166.79 Y104.73 E.23935
G1 X166.713 Y104.769
M204 T10000
;WIPE_START
G1 F7200
G1 X164.79 Y104.743 E-.8
;WIPE_END
G1 X158.416 Y102.916 Z7.32 F18000
G1 Z6.92
G1 E.8 F1500
M204 P10000
;TYPE:Sparse infill
;WIDTH:0.45
G1 F995
M106 S255
G1 X158.416 Y101.253 E.04505
G1 X160.747 Y103.584 E.08932
G1 X164.58 Y103.584 E.10387
G1 X165.584 Y99.839 E.10504
G1 X165.584 Y96.664 E.08605
G1 X165.336 Y96.416 E.00949
G1 X162.161 Y96.416 E.08605
G1 X158.416 Y97.42 E.10504
G1 X158.416 Y99.082 E.04505
; stop printing object cube10.stl id:0 copy 0
;LAYER_CHANGE
;Z:7.08
;HEIGHT:0.16
; layer_num: 43
G92 E0
G1 E-.24135 F3600
;WIPE_START
G1 F12888.166
G1 X158.416 Y97.42 E-.46442
G1 X158.742 Y97.332 E-.09423
;WIPE_END
;_SET_FAN_SPEED_CHANGING_LAYER
; printing object cube10.stl id:0 copy 0
G17
G3 Z7.48 I-.823 J.896 P1  F18000
G1 X165.939 Y103.939 Z7.48
G1 Z7.08
G1 E.8 F1500
M204 P6000
;TYPE:Inner wall
G1 F977
G1 X158.061 Y103.939 E.21349
G1 X158.061 Y96.061 E.21349
G1 X165.939 Y96.061 E.21349
G1 X165.939 Y103.879 E.21186
G1 X166.355 Y104.355 F18000
M73 P66 R3
G1 F977
G1 X157.645 Y104.355 E.23602
G1 X157.645 Y95.645 E.23602
G1 X166.355 Y95.645 E.23602
G1 X166.355 Y104.295 E.23439
M204 T1000
G1 X166.376 Y104.295 F18000
G1 X166.376 Y104.376
G1 X166.79 Y104.79
M204 P1000
;TYPE:Outer wall
;WIDTH:0.42
G1 F977
G1 X157.21 Y104.79 E.24085
G1 X157.21 Y95.21 E.24085
G1 X166.79 Y95.21 E.24085
G1 X166.79 Y104.73 E.23935
G1 X166.713 Y104.769
M204 T10000
;WIPE_START
G1 F7200
G1 X164.79 Y104.743 E-.8
;WIPE_END
G1 X165.584 Y97.74 Z7.48 F18000
G1 Z7.08
G1 E.8 F1500
M204 P10000
;TYPE:Sparse infill
;WIDTH:0.45
G1 F977
M106 S255
G1 X165.584 Y99.402 E.04505
G1 X164.463 Y103.584 E.1173
G1 X160.907 Y103.584 E.09637
G1 X158.416 Y101.093 E.09545
G1 X158.416 Y97.537 E.09637
G1 X162.598 Y96.416 E.1173
G1 X164.26 Y96.416 E.04505
; stop printing object cube10.stl id:0 copy 0
;LAYER_CHANGE
;Z:7.24
;HEIGHT:0.16
; layer_num: 44
G92 E0
G1 E-.24135 F3600
;WIPE_START
G1 F12888.166
G1 X162.598 Y96.416 E-.46442
G1 X162.272 Y96.504 E-.09423
;WIPE_END
;_SET_FAN_SPEED_CHANGING_LAYER
; printing object cube10.stl id:0 copy 0
G17
G3 Z7.64 I-1.091 J.538 P1  F18000
G1 X165.939 Y103.939 Z7.64
G1 Z7.24
M73 P67 R3
G1 E.8 F1500
M204 P6000
;TYPE:Inner wall
G1 F982
G1 X158.061 Y103.939 E.21349
G1 X158.061 Y96.061 E.21349
G1 X165.939 Y96.061 E.21349
G1 X165.939 Y103.879 E.21186
G1 X166.355 Y104.355 F18000
G1 F982
G1 X157.645 Y104.355 E.23602
G1 X157.645 Y95.645 E.23602
G1 X166.355 Y95.645 E.23602
G1 X166.355 Y104.295 E.23439
M204 T1000
G1 X166.376 Y104.295 F18000
G1 X166.376 Y104.376
G1 X166.79 Y104.79
M204 P1000
;TYPE:Outer wall
;WIDTH:0.42
G1 F982
G1 X157.21 Y104.79 E.24085
G1 X157.21 Y95.21 E.24085
G1 X166.79 Y95.21 E.24085
G1 X166.79 Y104.73 E.23935
G1 X166.713 Y104.769
M73 P68 R3
M204 T10000
;WIPE_START
G1 F7200
G1 X164.79 Y104.743 E-.8
;WIPE_END
G1 X165.584 Y97.302 Z7.64 F18000
G1 Z7.24
G1 E.8 F1500
M204 P10000
;TYPE:Sparse infill
;WIDTH:0.45
G1 F982
M106 S255
G1 X165.584 Y98.965 E.04505
G1 X164.346 Y103.584 E.12957
G1 X161.067 Y103.584 E.08886
G1 X158.416 Y100.933 E.10158
G1 X158.416 Y97.654 E.08886
G1 X163.035 Y96.416 E.12957
G1 X164.697 Y96.416 E.04505
; stop printing object cube10.stl id:0 copy 0
;LAYER_CHANGE
;Z:7.4
;HEIGHT:0.16
; layer_num: 45
G92 E0
G1 E-.24135 F3600
;WIPE_START
G1 F12888.166
G1 X163.035 Y96.416 E-.46442
G1 X162.709 Y96.504 E-.09423
;WIPE_END
;_SET_FAN_SPEED_CHANGING_LAYER
; printing object cube10.stl id:0 copy 0
G17
G3 Z7.8 I-1.116 J.485 P1  F18000
G1 X165.939 Y103.939 Z7.8
G1 Z7.4
G1 E.8 F1500
M204 P6000
;TYPE:Inner wall
G1 F987
G1 X158.061 Y103.939 E.21349
G1 X158.061 Y96.061 E.21349
G1 X165.939 Y96.061 E.21349
G1 X165.939 Y103.879 E.21186
G1 X166.355 Y104.355 F18000
G1 F987
G1 X157.645 Y104.355 E.23602
G1 X157.645 Y95.645 E.23602
G1 X166.355 Y95.645 E.23602
G1 X166.355 Y104.295 E.23439
M204 T1000
G1 X166.376 Y104.295 F18000
G1 X166.376 Y104.376
G1 X166.79 Y104.79
M204 P1000
;TYPE:Outer wall
;WIDTH:0.42
G1 F987
G1 X157.21 Y104.79 E.24085
G1 X157.21 Y95.21 E.24085
M73 P69 R3
G1 X166.79 Y95.21 E.24085
G1 X166.79 Y104.73 E.23935
G1 X166.713 Y104.769
M204 T10000
;WIPE_START
G1 F7200
G1 X164.79 Y104.743 E-.8
;WIPE_END
G1 X165.555 Y97.149 Z7.8 F18000
G1 X165.584 Y96.865 Z7.8
G1 Z7.4
G1 E.8 F1500
M204 P10000
;TYPE:Sparse infill
;WIDTH:0.45
G1 F987
M106 S255
G1 X165.584 Y98.528 E.04505
G1 X164.229 Y103.584 E.14183
G1 X161.227 Y103.584 E.08135
G1 X158.416 Y100.773 E.10771
G1 X158.416 Y97.771 E.08135
G1 X163.472 Y96.416 E.14183
G1 X165.135 Y96.416 E.04505
; stop printing object cube10.stl id:0 copy 0
;LAYER_CHANGE
;Z:7.56
;HEIGHT:0.16
; layer_num: 46
G92 E0
G1 E-.24135 F3600
;WIPE_START
G1 F12888.166
G1 X163.472 Y96.416 E-.46442
G1 X163.146 Y96.504 E-.09423
;WIPE_END
;_SET_FAN_SPEED_CHANGING_LAYER
; printing object cube10.stl id:0 copy 0
G17
G3 Z7.96 I-1.139 J.428 P1  F18000
G1 X165.939 Y103.939 Z7.96
G1 Z7.56
G1 E.8 F1500
M204 P6000
;TYPE:Inner wall
G1 F991
G1 X158.061 Y103.939 E.21349
G1 X158.061 Y96.061 E.21349
G1 X165.939 Y96.061 E.21349
G1 X165.939 Y103.879 E.21186
G1 X166.355 Y104.355 F18000
G1 F991
G1 X157.645 Y104.355 E.23602
G1 X157.645 Y95.645 E.23602
M73 P70 R3
G1 X166.355 Y95.645 E.23602
G1 X166.355 Y104.295 E.23439
M204 T1000
G1 X166.376 Y104.295 F18000
G1 X166.376 Y104.376
G1 X166.79 Y104.79
M204 P1000
;TYPE:Outer wall
;WIDTH:0.42
G1 F991
G1 X157.21 Y104.79 E.24085
G1 X157.21 Y95.21 E.24085
G1 X166.79 Y95.21 E.24085
G1 X166.79 Y104.73 E.23935
G1 X166.713 Y104.769
M204 T10000
;WIPE_START
G1 F7200
G1 X164.79 Y104.743 E-.8
;WIPE_END
G1 X165.515 Y97.145 Z7.96 F18000
G1 X165.584 Y96.428 Z7.96
G1 Z7.56
G1 E.8 F1500
M204 P10000
;TYPE:Sparse infill
;WIDTH:0.45
G1 F991
M106 S255
G1 X165.584 Y98.091 E.04505
G1 X164.112 Y103.584 E.15409
G1 X161.387 Y103.584 E.07384
G1 X158.416 Y100.613 E.11384
G1 X158.416 Y97.888 E.07384
G1 X163.909 Y96.416 E.15409
G1 X165.572 Y96.416 E.04505
; stop printing object cube10.stl id:0 copy 0
;LAYER_CHANGE
;Z:7.72
;HEIGHT:0.16
; layer_num: 47
G92 E0
G1 E-.24135 F3600
;WIPE_START
G1 F12888.166
G1 X163.909 Y96.416 E-.46442
G1 X163.583 Y96.504 E-.09423
;WIPE_END
;_SET_FAN_SPEED_CHANGING_LAYER
; printing object cube10.stl id:0 copy 0
G17
G3 Z8.12 I-1.16 J.368 P1  F18000
G1 X165.939 Y103.939 Z8.12
G1 Z7.72
G1 E.8 F1500
M204 P6000
;TYPE:Inner wall
G1 F989
G1 X158.061 Y103.939 E.21349
G1 X158.061 Y96.061 E.21349
M73 P71 R3
G1 X165.939 Y96.061 E.21349
G1 X165.939 Y103.879 E.21186
G1 X166.355 Y104.355 F18000
G1 F989
G1 X157.645 Y104.355 E.23602
G1 X157.645 Y95.645 E.23602
G1 X166.355 Y95.645 E.23602
G1 X166.355 Y104.295 E.23439
M204 T1000
G1 X166.376 Y104.295 F18000
G1 X166.376 Y104.376
G1 X166.79 Y104.79
M204 P1000
;TYPE:Outer wall
;WIDTH:0.42
G1 F989
G1 X157.21 Y104.79 E.24085
G1 X157.21 Y95.21 E.24085
G1 X166.79 Y95.21 E.24085
G1 X166.79 Y104.73 E.23935
G1 X166.713 Y104.769
M204 T10000
;WIPE_START
G1 F7200
G1 X164.79 Y104.743 E-.8
;WIPE_END
G1 X165.128 Y97.118 Z8.12 F18000
G1 X165.159 Y96.416 Z8.12
G1 Z7.72
M73 P72 R3
G1 E.8 F1500
M204 P10000
;TYPE:Sparse infill
;WIDTH:0.45
G1 F989
M106 S255
G1 X165.584 Y96.416 E.01152
G1 X165.584 Y97.654 E.03353
G1 X163.995 Y103.584 E.16635
G1 X161.547 Y103.584 E.06633
G1 X158.416 Y100.453 E.11998
G1 X158.416 Y98.005 E.06633
G1 X164.346 Y96.416 E.16635
G1 X165.159 Y96.416 E.02201
; stop printing object cube10.stl id:0 copy 0
;LAYER_CHANGE
;Z:7.88
;HEIGHT:0.16
; layer_num: 48
G92 E0
G1 E-.24135 F3600
;WIPE_START
G1 F12888.166
G1 X164.346 Y96.416 E-.22693
G1 X163.199 Y96.724 E-.33172
;WIPE_END
;_SET_FAN_SPEED_CHANGING_LAYER
; printing object cube10.stl id:0 copy 0
G17
G3 Z8.28 I-1.138 J.432 P1  F18000
G1 X165.939 Y103.939 Z8.28
G1 Z7.88
G1 E.8 F1500
M204 P6000
;TYPE:Inner wall
G1 F995
G1 X158.061 Y103.939 E.21349
G1 X158.061 Y96.061 E.21349
G1 X165.939 Y96.061 E.21349
G1 X165.939 Y103.879 E.21186
G1 X166.355 Y104.355 F18000
M73 P72 R2
G1 F995
G1 X157.645 Y104.355 E.23602
G1 X157.645 Y95.645 E.23602
G1 X166.355 Y95.645 E.23602
G1 X166.355 Y104.295 E.23439
M204 T1000
G1 X166.376 Y104.295 F18000
G1 X166.376 Y104.376
G1 X166.79 Y104.79
M204 P1000
;TYPE:Outer wall
;WIDTH:0.42
G1 F995
G1 X157.21 Y104.79 E.24085
G1 X157.21 Y95.21 E.24085
M73 P73 R2
G1 X166.79 Y95.21 E.24085
G1 X166.79 Y104.73 E.23935
G1 X166.713 Y104.769
M204 T10000
;WIPE_START
G1 F7200
G1 X164.79 Y104.743 E-.8
;WIPE_END
G1 X158.416 Y101.956 Z8.28 F18000
G1 Z7.88
G1 E.8 F1500
M204 P10000
;TYPE:Sparse infill
;WIDTH:0.45
G1 F995
M106 S255
G1 X158.416 Y100.293 E.04505
G1 X161.707 Y103.584 E.12611
G1 X163.878 Y103.584 E.05882
G1 X165.584 Y97.217 E.17862
G1 X165.584 Y96.416 E.02169
G1 X164.783 Y96.416 E.02169
G1 X158.416 Y98.122 E.17862
G1 X158.416 Y96.46 E.04505
; stop printing object cube10.stl id:0 copy 0
;LAYER_CHANGE
;Z:8.04
;HEIGHT:0.16
; layer_num: 49
G92 E0
G1 E-.24135 F3600
;WIPE_START
G1 F12888.166
G1 X158.416 Y98.122 E-.46442
G1 X158.742 Y98.035 E-.09423
;WIPE_END
;_SET_FAN_SPEED_CHANGING_LAYER
; printing object cube10.stl id:0 copy 0
G17
G3 Z8.44 I-.772 J.941 P1  F18000
G1 X165.939 Y103.939 Z8.44
G1 Z8.04
G1 E.8 F1500
M204 P6000
;TYPE:Inner wall
G1 F995
G1 X158.061 Y103.939 E.21349
G1 X158.061 Y96.061 E.21349
G1 X165.939 Y96.061 E.21349
G1 X165.939 Y103.879 E.21186
G1 X166.355 Y104.355 F18000
G1 F995
G1 X157.645 Y104.355 E.23602
G1 X157.645 Y95.645 E.23602
G1 X166.355 Y95.645 E.23602
M73 P74 R2
G1 X166.355 Y104.295 E.23439
M204 T1000
G1 X166.376 Y104.295 F18000
G1 X166.376 Y104.376
G1 X166.79 Y104.79
M204 P1000
;TYPE:Outer wall
;WIDTH:0.42
G1 F995
G1 X157.21 Y104.79 E.24085
G1 X157.21 Y95.21 E.24085
G1 X166.79 Y95.21 E.24085
G1 X166.79 Y104.73 E.23935
G1 X166.713 Y104.769
M204 T10000
;WIPE_START
G1 F7200
G1 X164.79 Y104.743 E-.8
;WIPE_END
G1 X158.416 Y101.796 Z8.44 F18000
G1 Z8.04
G1 E.8 F1500
M204 P10000
;TYPE:Sparse infill
;WIDTH:0.45
G1 F995
M106 S255
G1 X158.416 Y100.133 E.04505
G1 X161.867 Y103.584 E.13224
G1 X163.761 Y103.584 E.05131
G1 X165.584 Y96.779 E.19088
G1 X165.584 Y96.416 E.00984
G1 X165.22 Y96.416 E.00984
G1 X158.416 Y98.239 E.19088
G1 X158.416 Y96.577 E.04505
; stop printing object cube10.stl id:0 copy 0
;LAYER_CHANGE
;Z:8.2
;HEIGHT:0.16
; layer_num: 50
G92 E0
G1 E-.24135 F3600
;WIPE_START
G1 F12888.166
G1 X158.416 Y98.239 E-.46442
G1 X158.742 Y98.152 E-.09423
;WIPE_END
;_SET_FAN_SPEED_CHANGING_LAYER
; printing object cube10.stl id:0 copy 0
G17
G3 Z8.6 I-.763 J.948 P1  F18000
G1 X165.939 Y103.939 Z8.6
G1 Z8.2
G1 E.8 F1500
M204 P6000
;TYPE:Inner wall
G1 F995
G1 X158.061 Y103.939 E.21349
G1 X158.061 Y96.061 E.21349
M73 P75 R2
G1 X165.939 Y96.061 E.21349
G1 X165.939 Y103.879 E.21186
G1 X166.355 Y104.355 F18000
G1 F995
G1 X157.645 Y104.355 E.23602
G1 X157.645 Y95.645 E.23602
G1 X166.355 Y95.645 E.23602
G1 X166.355 Y104.295 E.23439
M204 T1000
G1 X166.376 Y104.295 F18000
G1 X166.376 Y104.376
G1 X166.79 Y104.79
M204 P1000
;TYPE:Outer wall
;WIDTH:0.42
G1 F995
G1 X157.21 Y104.79 E.24085
G1 X157.21 Y95.21 E.24085
G1 X166.79 Y95.21 E.24085
G1 X166.79 Y104.73 E.23935
G1 X166.713 Y104.769
M204 T10000
;WIPE_START
G1 F7200
G1 X164.79 Y104.743 E-.8
;WIPE_END
G1 X158.416 Y101.636 Z8.6 F18000
G1 Z8.2
G1 E.8 F1500
M204 P10000
;TYPE:Sparse infill
;WIDTH:0.45
G1 F995
M106 S255
G1 X158.416 Y99.973 E.04505
G1 X162.027 Y103.584 E.13837
G1 X163.643 Y103.584 E.0438
M73 P76 R2
G1 X165.584 Y96.416 E.20121
G1 X158.416 Y98.357 E.20121
G1 X158.416 Y96.694 E.04505
; stop printing object cube10.stl id:0 copy 0
;LAYER_CHANGE
;Z:8.36
;HEIGHT:0.16
; layer_num: 51
G92 E0
G1 E-.24135 F3600
;WIPE_START
G1 F12888.166
G1 X158.416 Y98.357 E-.46442
G1 X158.742 Y98.268 E-.09423
;WIPE_END
;_SET_FAN_SPEED_CHANGING_LAYER
; printing object cube10.stl id:0 copy 0
G17
G3 Z8.76 I-.753 J.956 P1  F18000
G1 X165.939 Y103.939 Z8.76
G1 Z8.36
G1 E.8 F1500
M204 P6000
;TYPE:Inner wall
G1 F996
G1 X158.061 Y103.939 E.21349
G1 X158.061 Y96.061 E.21349
G1 X165.939 Y96.061 E.21349
G1 X165.939 Y103.879 E.21186
G1 X166.355 Y104.355 F18000
G1 F996
G1 X157.645 Y104.355 E.23602
G1 X157.645 Y95.645 E.23602
G1 X166.355 Y95.645 E.23602
G1 X166.355 Y104.295 E.23439
M204 T1000
G1 X166.376 Y104.295 F18000
G1 X166.376 Y104.376
G1 X166.79 Y104.79
M204 P1000
;TYPE:Outer wall
;WIDTH:0.42
G1 F996
G1 X157.21 Y104.79 E.24085
G1 X157.21 Y95.21 E.24085
G1 X166.79 Y95.21 E.24085
M73 P77 R2
G1 X166.79 Y104.73 E.23935
G1 X166.713 Y104.769
M204 T10000
;WIPE_START
G1 F7200
G1 X164.79 Y104.743 E-.8
;WIPE_END
G1 X158.416 Y101.476 Z8.76 F18000
G1 Z8.36
G1 E.8 F1500
M204 P10000
;TYPE:Sparse infill
;WIDTH:0.45
G1 F996
M106 S255
G1 X158.416 Y99.813 E.04505
G1 X162.187 Y103.584 E.1445
G1 X163.526 Y103.584 E.03629
G1 X165.447 Y96.416 E.20107
G1 X165.584 Y96.416 E.00371
G1 X165.584 Y96.553 E.00371
G1 X158.416 Y98.474 E.20107
G1 X158.416 Y96.811 E.04505
; stop printing object cube10.stl id:0 copy 0
;LAYER_CHANGE
;Z:8.52
;HEIGHT:0.160001
; layer_num: 52
G92 E0
G1 E-.24135 F3600
;WIPE_START
G1 F12888.166
G1 X158.416 Y98.474 E-.46442
G1 X158.742 Y98.386 E-.09423
;WIPE_END
;_SET_FAN_SPEED_CHANGING_LAYER
; printing object cube10.stl id:0 copy 0
G17
G3 Z8.92 I-.743 J.964 P1  F18000
G1 X165.939 Y103.939 Z8.92
G1 Z8.52
G1 E.8 F1500
M204 P6000
;TYPE:Inner wall
G1 F998
G1 X158.061 Y103.939 E.21349
G1 X158.061 Y96.061 E.21349
G1 X165.939 Y96.061 E.21349
G1 X165.939 Y103.879 E.21186
G1 X166.355 Y104.355 F18000
G1 F998
G1 X157.645 Y104.355 E.23602
G1 X157.645 Y95.645 E.23602
G1 X166.355 Y95.645 E.23602
M73 P78 R2
G1 X166.355 Y104.295 E.23439
M204 T1000
G1 X166.376 Y104.295 F18000
G1 X166.376 Y104.376
G1 X166.79 Y104.79
M204 P1000
;TYPE:Outer wall
;WIDTH:0.42
G1 F998
G1 X157.21 Y104.79 E.24085
G1 X157.21 Y95.21 E.24085
G1 X166.79 Y95.21 E.24085
G1 X166.79 Y104.73 E.23935
G1 X166.713 Y104.769
M204 T10000
;WIPE_START
G1 F7200
G1 X164.79 Y104.743 E-.8
;WIPE_END
G1 X158.416 Y101.316 Z8.92 F18000
G1 Z8.52
G1 E.8 F1500
M204 P10000
;TYPE:Sparse infill
;WIDTH:0.45
G1 F998
M106 S255
G1 X158.416 Y99.653 E.04505
G1 X162.347 Y103.584 E.15063
G1 X163.409 Y103.584 E.02878
G1 X165.33 Y96.416 E.20107
G1 X165.584 Y96.416 E.00688
G1 X165.584 Y96.67 E.00688
G1 X158.416 Y98.591 E.20107
G1 X158.416 Y96.928 E.04505
; stop printing object cube10.stl id:0 copy 0
;LAYER_CHANGE
;Z:8.68
;HEIGHT:0.16
; layer_num: 53
G92 E0
G1 E-.24135 F3600
;WIPE_START
G1 F12888.166
G1 X158.416 Y98.591 E-.46442
G1 X158.742 Y98.503 E-.09423
;WIPE_END
;_SET_FAN_SPEED_CHANGING_LAYER
; printing object cube10.stl id:0 copy 0
G17
G3 Z9.08 I-.733 J.971 P1  F18000
G1 X165.939 Y103.939 Z9.08
G1 Z8.68
G1 E.8 F1500
M204 P6000
;TYPE:Inner wall
G1 F999
G1 X158.061 Y103.939 E.21349
G1 X158.061 Y96.061 E.21349
G1 X165.939 Y96.061 E.21349
M73 P79 R2
G1 X165.939 Y103.879 E.21186
G1 X166.355 Y104.355 F18000
G1 F999
G1 X157.645 Y104.355 E.23602
G1 X157.645 Y95.645 E.23602
G1 X166.355 Y95.645 E.23602
G1 X166.355 Y104.295 E.23439
M204 T1000
G1 X166.376 Y104.295 F18000
G1 X166.376 Y104.376
G1 X166.79 Y104.79
M204 P1000
;TYPE:Outer wall
;WIDTH:0.42
G1 F999
G1 X157.21 Y104.79 E.24085
G1 X157.21 Y95.21 E.24085
G1 X166.79 Y95.21 E.24085
G1 X166.79 Y104.73 E.23935
G1 X166.713 Y104.769
M204 T10000
;WIPE_START
G1 F7200
G1 X164.79 Y104.743 E-.8
;WIPE_END
G1 X158.416 Y101.156 Z9.08 F18000
G1 Z8.68
G1 E.8 F1500
M204 P10000
;TYPE:Sparse infill
;WIDTH:0.45
G1 F999
M106 S255
G1 X158.416 Y99.493 E.04505
G1 X162.507 Y103.584 E.15676
G1 X163.292 Y103.584 E.02127
G1 X165.213 Y96.416 E.20107
G1 X165.584 Y96.416 E.01006
M73 P80 R2
G1 X165.584 Y96.787 E.01006
G1 X158.416 Y98.708 E.20107
G1 X158.416 Y97.045 E.04505
; stop printing object cube10.stl id:0 copy 0
;LAYER_CHANGE
;Z:8.84
;HEIGHT:0.16
; layer_num: 54
G92 E0
G1 E-.24135 F3600
;WIPE_START
G1 F12888.166
G1 X158.416 Y98.708 E-.46442
G1 X158.742 Y98.621 E-.09423
;WIPE_END
;_SET_FAN_SPEED_CHANGING_LAYER
; printing object cube10.stl id:0 copy 0
G17
G3 Z9.24 I-.723 J.979 P1  F18000
G1 X165.939 Y103.939 Z9.24
G1 Z8.84
G1 E.8 F1500
M204 P6000
;TYPE:Inner wall
G1 F997
G1 X158.061 Y103.939 E.21349
G1 X158.061 Y96.061 E.21349
G1 X165.939 Y96.061 E.21349
G1 X165.939 Y103.879 E.21186
G1 X166.355 Y104.355 F18000
G1 F997
G1 X157.645 Y104.355 E.23602
G1 X157.645 Y95.645 E.23602
G1 X166.355 Y95.645 E.23602
G1 X166.355 Y104.295 E.23439
M204 T1000
G1 X166.376 Y104.295 F18000
G1 X166.376 Y104.376
G1 X166.79 Y104.79
M204 P1000
;TYPE:Outer wall
;WIDTH:0.42
G1 F997
G1 X157.21 Y104.79 E.24085
G1 X157.21 Y95.21 E.24085
G1 X166.79 Y95.21 E.24085
G1 X166.79 Y104.73 E.23935
M73 P81 R2
G1 X166.713 Y104.769
M204 T10000
;WIPE_START
G1 F7200
G1 X164.79 Y104.743 E-.8
;WIPE_END
G1 X165.584 Y98.567 Z9.24 F18000
G1 Z8.84
G1 E.8 F1500
M204 P10000
;TYPE:Sparse infill
;WIDTH:0.45
G1 F997
M106 S255
G1 X165.584 Y96.905 E.04505
G1 X158.416 Y98.825 E.20107
G1 X158.416 Y99.333 E.01376
G1 X162.667 Y103.584 E.1629
G1 X163.175 Y103.584 E.01376
G1 X165.095 Y96.416 E.20107
G1 X163.433 Y96.416 E.04505
; stop printing object cube10.stl id:0 copy 0
;LAYER_CHANGE
;Z:9
;HEIGHT:0.16
; layer_num: 55
G92 E0
G1 E-.24135 F3600
;WIPE_START
G1 F12888.166
G1 X165.095 Y96.416 E-.46442
G1 X165.008 Y96.742 E-.09423
;WIPE_END
;_SET_FAN_SPEED_CHANGING_LAYER
; printing object cube10.stl id:0 copy 0
G17
G3 Z9.4 I-1.207 J.156 P1  F18000
G1 X165.939 Y103.939 Z9.4
G1 Z9
G1 E.8 F1500
M204 P6000
;TYPE:Inner wall
G1 F994
G1 X158.061 Y103.939 E.21349
G1 X158.061 Y96.061 E.21349
G1 X165.939 Y96.061 E.21349
G1 X165.939 Y103.879 E.21186
G1 X166.355 Y104.355 F18000
M73 P81 R1
G1 F994
G1 X157.645 Y104.355 E.23602
G1 X157.645 Y95.645 E.23602
G1 X166.355 Y95.645 E.23602
G1 X166.355 Y104.295 E.23439
M73 P82 R1
M204 T1000
G1 X166.376 Y104.295 F18000
G1 X166.376 Y104.376
G1 X166.79 Y104.79
M204 P1000
;TYPE:Outer wall
;WIDTH:0.42
G1 F994
G1 X157.21 Y104.79 E.24085
G1 X157.21 Y95.21 E.24085
G1 X166.79 Y95.21 E.24085
G1 X166.79 Y104.73 E.23935
G1 X166.713 Y104.769
M204 T10000
;WIPE_START
G1 F7200
G1 X164.79 Y104.743 E-.8
;WIPE_END
G1 X165.584 Y98.684 Z9.4 F18000
G1 Z9
G1 E.8 F1500
M204 P10000
;TYPE:Sparse infill
;WIDTH:0.45
G1 F994
M106 S255
G1 X165.584 Y97.022 E.04505
G1 X158.416 Y98.942 E.20107
G1 X158.416 Y99.173 E.00625
G1 X162.827 Y103.584 E.16903
G1 X163.058 Y103.584 E.00625
G1 X164.978 Y96.416 E.20107
G1 X163.316 Y96.416 E.04505
; stop printing object cube10.stl id:0 copy 0
;LAYER_CHANGE
;Z:9.16
;HEIGHT:0.16
; layer_num: 56
G92 E0
G1 E-.24135 F3600
;WIPE_START
G1 F12888.166
G1 X164.978 Y96.416 E-.46442
G1 X164.891 Y96.742 E-.09423
;WIPE_END
;_SET_FAN_SPEED_CHANGING_LAYER
; printing object cube10.stl id:0 copy 0
G17
G3 Z9.56 I-1.204 J.175 P1  F18000
G1 X165.939 Y103.939 Z9.56
G1 Z9.16
G1 E.8 F1500
M204 P6000
;TYPE:Inner wall
G1 F1195
G1 X158.061 Y103.939 E.21349
G1 X158.061 Y96.061 E.21349
G1 X165.939 Y96.061 E.21349
G1 X165.939 Y103.879 E.21186
G1 X166.355 Y104.355 F18000
M73 P83 R1
G1 F1195
G1 X157.645 Y104.355 E.23602
G1 X157.645 Y95.645 E.23602
G1 X166.355 Y95.645 E.23602
G1 X166.355 Y104.295 E.23439
M204 T1000
G1 X166.376 Y104.295 F18000
G1 X166.376 Y104.376
G1 X166.79 Y104.79
M204 P1000
;TYPE:Outer wall
;WIDTH:0.42
G1 F1195
G1 X157.21 Y104.79 E.24085
G1 X157.21 Y95.21 E.24085
G1 X166.79 Y95.21 E.24085
G1 X166.79 Y104.73 E.23935
G1 X166.713 Y104.769
M204 T10000
;WIPE_START
G1 F7200
G1 X164.79 Y104.743 E-.8
;WIPE_END
G1 X165.198 Y98.905 Z9.56 F18000
G1 Z9.16
G1 E.8 F1500
M204 P10000
;TYPE:Sparse infill
;WIDTH:0.45
G1 F1195
M106 S255
G1 X165.198 Y97.242 E.04505
G1 X158.802 Y98.956 E.17943
G1 X158.802 Y99.399 E.012
G1 X162.601 Y103.198 E.1456
G1 X163.044 Y103.198 E.01199
G1 X164.758 Y96.802 E.17943
G1 X163.095 Y96.802 E.04505
G1 X158.431 Y96.594 F18000
;TYPE:Internal solid infill
;WIDTH:0.375055
G1 F1195
G1 X158.433 Y103.434 E.15193
G1 X158.459 Y103.541 E.00244
G1 X158.594 Y103.569 E.00306
G1 X165.434 Y103.567 E.15193
G1 X165.541 Y103.541 E.00244
G1 X165.569 Y103.406 E.00306
G1 X165.569 Y96.594 E.1513
G1 X165.541 Y96.459 E.00306
M73 P84 R1
G1 X165.406 Y96.431 E.00306
G1 X158.566 Y96.433 E.15193
G1 X158.459 Y96.459 E.00244
G1 X158.443 Y96.535 E.00173
; stop printing object cube10.stl id:0 copy 0
;LAYER_CHANGE
;Z:9.32
;HEIGHT:0.16
; layer_num: 57
G92 E0
G1 E-.32 F3600
;WIPE_START
G1 F15000
G1 X158.459 Y96.459 E-.01865
G1 X158.566 Y96.433 E-.02636
G1 X160.378 Y96.432 E-.43499
;WIPE_END
;_SET_FAN_SPEED_CHANGING_LAYER
; printing object cube10.stl id:0 copy 0
G17
G3 Z9.72 I-.978 J.724 P1  F18000
G1 X165.939 Y103.939 Z9.72
G1 Z9.32
G1 E.8 F1500
M204 P6000
;TYPE:Inner wall
;WIDTH:0.45
G1 F1764
G1 X158.061 Y103.939 E.21349
G1 X158.061 Y96.061 E.21349
G1 X165.939 Y96.061 E.21349
G1 X165.939 Y103.879 E.21186
G1 X166.355 Y104.355 F18000
G1 F1764
G1 X157.645 Y104.355 E.23602
G1 X157.645 Y95.645 E.23602
G1 X166.355 Y95.645 E.23602
G1 X166.355 Y104.295 E.23439
M204 T1000
G1 X166.376 Y104.295 F18000
G1 X166.376 Y104.376
G1 X166.79 Y104.79
M204 P1000
;TYPE:Outer wall
;WIDTH:0.42
G1 F1764
G1 X157.21 Y104.79 E.24085
G1 X157.21 Y95.21 E.24085
G1 X166.79 Y95.21 E.24085
G1 X166.79 Y104.73 E.23935
G1 X166.713 Y104.769
M204 T10000
;WIPE_START
G1 F7200
G1 X164.79 Y104.743 E-.8
;WIPE_END
G1 X165.769 Y102.913 Z9.72 F18000
G1 Z9.32
G1 E.8 F1500
M204 P2000
;TYPE:Internal Bridge
;WIDTH:0.4
;HEIGHT:0.4
G1 F1764
M106 S255
G1 X165.115 Y103.567 E.04733
G1 X164.479 Y103.567 E.03258
G1 X165.567 Y102.479 E.07875
G1 X165.567 Y101.843 E.03258
G1 X163.843 Y103.567 E.12483
G1 X163.206 Y103.567 E.03258
G1 X165.567 Y101.206 E.17091
G1 X165.567 Y100.57 E.03258
G1 X162.57 Y103.567 E.21699
G1 X161.933 Y103.567 E.03258
G1 X165.567 Y99.933 E.26307
G1 X165.567 Y99.297 E.03258
G1 X161.297 Y103.567 E.30915
G1 X160.661 Y103.567 E.03258
G1 X165.567 Y98.661 E.35523
G1 X165.567 Y98.024 E.03258
G1 X160.024 Y103.567 E.40131
G1 X159.388 Y103.567 E.03258
M73 P85 R1
G1 X165.567 Y97.388 E.44739
G1 X165.567 Y96.752 E.03258
G1 X158.752 Y103.567 E.49347
G1 X158.433 Y103.567 E.01629
G1 X158.433 Y103.248 E.0163
G1 X165.248 Y96.433 E.49345
G1 X164.612 Y96.433 E.03258
G1 X158.433 Y102.612 E.44737
G1 X158.433 Y101.976 E.03258
G1 X163.976 Y96.433 E.40129
G1 X163.339 Y96.433 E.03258
G1 X158.433 Y101.339 E.35521
G1 X158.433 Y100.703 E.03258
G1 X162.703 Y96.433 E.30913
G1 X162.066 Y96.433 E.03258
G1 X158.433 Y100.066 E.26305
G1 X158.433 Y99.43 E.03258
G1 X161.43 Y96.433 E.21697
G1 X160.794 Y96.433 E.03258
G1 X158.433 Y98.794 E.17089
G1 X158.433 Y98.157 E.03258
G1 X160.157 Y96.433 E.12481
G1 X159.521 Y96.433 E.03258
G1 X158.433 Y97.521 E.07873
G1 X158.433 Y96.884 E.03258
G1 X159.087 Y96.231 E.04732
; stop printing object cube10.stl id:0 copy 0
;LAYER_CHANGE
;Z:9.48
;HEIGHT:0.16
; layer_num: 58
G92 E0
;WIPE_START
G1 F4500
G1 X158.433 Y96.884 E-.36966
G1 X158.433 Y97.521 E-.25456
G1 X158.744 Y97.21 E-.17578
;WIPE_END
;_SET_FAN_SPEED_CHANGING_LAYER
; printing object cube10.stl id:0 copy 0
G17
G3 Z9.88 I-.831 J.889 P1  F18000
G1 X165.939 Y103.939 Z9.88
G1 Z9.48
G1 E.8 F1500
M204 P6000
;TYPE:Inner wall
;WIDTH:0.45
G1 F1933
M106 S255
G1 X158.061 Y103.939 E.21349
G1 X158.061 Y96.061 E.21349
G1 X165.939 Y96.061 E.21349
G1 X165.939 Y103.879 E.21186
G1 X166.355 Y104.355 F18000
G1 F1933
G1 X157.645 Y104.355 E.23602
G1 X157.645 Y95.645 E.23602
G1 X166.355 Y95.645 E.23602
G1 X166.355 Y104.295 E.23439
M204 T1000
G1 X166.376 Y104.295 F18000
G1 X166.376 Y104.376
G1 X166.79 Y104.79
M204 P1000
;TYPE:Outer wall
;WIDTH:0.42
G1 F1933
G1 X157.21 Y104.79 E.24085
G1 X157.21 Y95.21 E.24085
G1 X166.79 Y95.21 E.24085
G1 X166.79 Y104.73 E.23935
M73 P86 R1
G1 X166.713 Y104.769
M204 T10000
;WIPE_START
G1 F7200
G1 X164.79 Y104.743 E-.8
;WIPE_END
G1 X165.772 Y98.538 Z9.88 F18000
G1 Z9.48
G1 E.8 F1500
M204 P10000
;TYPE:Internal solid infill
;WIDTH:0.419999
G1 F1933
M106 S255
G1 X163.635 Y96.401 E.07599
G1 X163.09 Y96.401 E.01371
G1 X165.599 Y98.91 E.08921
G1 X165.599 Y99.456 E.01371
G1 X162.544 Y96.401 E.1086
G1 X161.999 Y96.401 E.01371
G1 X165.599 Y100.001 E.128
G1 X165.599 Y100.547 E.01371
G1 X161.453 Y96.401 E.14739
G1 X160.908 Y96.401 E.01371
G1 X165.599 Y101.092 E.16678
G1 X165.599 Y101.637 E.01371
G1 X160.363 Y96.401 E.18617
G1 X159.817 Y96.401 E.01371
G1 X165.599 Y102.183 E.20556
G1 X165.599 Y102.728 E.01371
G1 X159.272 Y96.401 E.22496
G1 X158.726 Y96.401 E.01371
G1 X165.599 Y103.274 E.24435
G1 X165.599 Y103.599 E.00818
G1 X165.379 Y103.599 E.00554
G1 X158.401 Y96.621 E.24808
G1 X158.401 Y97.167 E.01371
G1 X164.833 Y103.599 E.22869
G1 X164.288 Y103.599 E.01371
G1 X158.401 Y97.712 E.2093
G1 X158.401 Y98.258 E.01371
G1 X163.742 Y103.599 E.1899
G1 X163.197 Y103.599 E.01371
G1 X158.401 Y98.803 E.17051
G1 X158.401 Y99.349 E.01371
G1 X162.651 Y103.599 E.15112
G1 X162.106 Y103.599 E.01371
G1 X158.401 Y99.894 E.13173
G1 X158.401 Y100.439 E.01371
G1 X161.561 Y103.599 E.11233
G1 X161.015 Y103.599 E.01371
G1 X158.401 Y100.985 E.09294
G1 X158.401 Y101.53 E.01371
G1 X160.47 Y103.599 E.07355
G1 X159.924 Y103.599 E.01371
G1 X158.401 Y102.076 E.05416
G1 X158.401 Y102.621 E.01371
G1 X159.553 Y103.772 E.04094
G1 X158.498 Y103.483 F18000
;WIDTH:0.443166
G1 F1933
G2 X158.49 Y103.571 I-.026 J.042 E.00529
G1 X163.968 Y96.461 F18000
;WIDTH:0.419999
G1 F1933
G1 X165.539 Y98.032 E.05585
G1 X165.539 Y96.461 E.03949
G1 X164.028 Y96.461 E.03798
G1 X165.112 Y96.864 F18000
;WIDTH:0.568784
G1 F1933
G2 X165.115 Y96.973 I-.029 J.056 E.0091
; stop printing object cube10.stl id:0 copy 0
;LAYER_CHANGE
;Z:9.64
;HEIGHT:0.160001
; layer_num: 59
G92 E0
G1 E-.70272 F3600
;WIPE_START
G1 F10023.694
G1 X165.045 Y96.979 E-.0253
G1 X165.012 Y96.921 E-.02399
G1 X165.045 Y96.864 E-.02399
G1 X165.112 Y96.864 E-.02399
;WIPE_END
;_SET_FAN_SPEED_CHANGING_LAYER
; printing object cube10.stl id:0 copy 0
G17
G3 Z10.04 I-1.209 J.141 P1  F18000
G1 X165.939 Y103.939 Z10.04
G1 Z9.64
G1 E.8 F1500
M204 P6000
;TYPE:Inner wall
;WIDTH:0.45
G1 F1924
G1 X158.061 Y103.939 E.21349
G1 X158.061 Y96.061 E.21349
G1 X165.939 Y96.061 E.21349
G1 X165.939 Y103.879 E.21186
M73 P87 R1
G1 X166.355 Y104.355 F18000
G1 F1924
G1 X157.645 Y104.355 E.23602
G1 X157.645 Y95.645 E.23602
G1 X166.355 Y95.645 E.23602
G1 X166.355 Y104.295 E.23439
M204 T1000
G1 X166.376 Y104.295 F18000
G1 X166.376 Y104.376
G1 X166.79 Y104.79
M204 P1000
;TYPE:Outer wall
;WIDTH:0.42
G1 F1924
G1 X157.21 Y104.79 E.24085
G1 X157.21 Y95.21 E.24085
G1 X166.79 Y95.21 E.24085
G1 X166.79 Y104.73 E.23935
G1 X166.713 Y104.769
M204 T10000
;WIPE_START
G1 F7200
G1 X164.79 Y104.743 E-.8
;WIPE_END
G1 X163.968 Y103.539 Z10.04 F18000
G1 Z9.64
G1 E.8 F1500
M204 P10000
;TYPE:Internal solid infill
;WIDTH:0.419999
G1 F1924
M106 S255
G1 X165.539 Y103.539 E.03949
G1 X165.539 Y101.968 E.03949
G1 X164.01 Y103.496 E.05434
G1 X165.112 Y103.021 F18000
;WIDTH:0.568782
G1 F1924
G2 X165.115 Y103.131 I-.029 J.056 E.0091
G1 X165.772 Y101.462 F18000
;WIDTH:0.419999
G1 F1924
G1 X163.635 Y103.599 E.07599
G1 X163.09 Y103.599 E.01371
G1 X165.599 Y101.09 E.08921
G1 X165.599 Y100.544 E.01371
G1 X162.544 Y103.599 E.1086
G1 X161.999 Y103.599 E.01371
G1 X165.599 Y99.999 E.128
G1 X165.599 Y99.453 E.01371
G1 X161.453 Y103.599 E.14739
G1 X160.908 Y103.599 E.01371
G1 X165.599 Y98.908 E.16678
G1 X165.599 Y98.363 E.01371
G1 X160.363 Y103.599 E.18617
G1 X159.817 Y103.599 E.01371
G1 X165.599 Y97.817 E.20556
G1 X165.599 Y97.272 E.01371
G1 X159.272 Y103.599 E.22496
G1 X158.726 Y103.599 E.01371
G1 X165.599 Y96.726 E.24435
G1 X165.599 Y96.401 E.00818
G1 X165.379 Y96.401 E.00554
G1 X158.401 Y103.379 E.24808
G1 X158.401 Y102.833 E.01371
G1 X164.833 Y96.401 E.22869
G1 X164.288 Y96.401 E.01371
G1 X158.401 Y102.288 E.2093
G1 X158.401 Y101.742 E.01371
G1 X163.742 Y96.401 E.1899
G1 X163.197 Y96.401 E.01371
M73 P88 R1
G1 X158.401 Y101.197 E.17051
G1 X158.401 Y100.651 E.01371
G1 X162.651 Y96.401 E.15112
G1 X162.106 Y96.401 E.01371
G1 X158.401 Y100.106 E.13173
G1 X158.401 Y99.561 E.01371
G1 X161.561 Y96.401 E.11233
G1 X161.015 Y96.401 E.01371
G1 X158.401 Y99.015 E.09294
G1 X158.401 Y98.47 E.01371
G1 X160.47 Y96.401 E.07355
G1 X159.924 Y96.401 E.01371
G1 X158.401 Y97.924 E.05416
G1 X158.401 Y97.379 E.01371
G1 X159.553 Y96.228 E.04094
G1 X158.498 Y96.429 F18000
;WIDTH:0.443168
G1 F1924
G2 X158.49 Y96.517 I-.026 J.042 E.00529
; stop printing object cube10.stl id:0 copy 0
;LAYER_CHANGE
;Z:9.8
;HEIGHT:0.16
; layer_num: 60
G92 E0
G1 E-.74628 F3600
;WIPE_START
G1 F13103.53
G1 X158.447 Y96.517 E-.0116
G1 X158.422 Y96.473 E-.01404
G1 X158.447 Y96.429 E-.01404
G1 X158.498 Y96.429 E-.01404
;WIPE_END
;_SET_FAN_SPEED_CHANGING_LAYER
; printing object cube10.stl id:0 copy 0
G17
G3 Z10.2 I-.865 J.856 P1  F18000
G1 X165.939 Y103.939 Z10.2
G1 Z9.8
G1 E.8 F1500
M204 P6000
;TYPE:Inner wall
;WIDTH:0.45
G1 F1933
G1 X158.061 Y103.939 E.21349
G1 X158.061 Y96.061 E.21349
G1 X165.939 Y96.061 E.21349
G1 X165.939 Y103.879 E.21186
G1 X166.355 Y104.355 F18000
G1 F1933
G1 X157.645 Y104.355 E.23602
G1 X157.645 Y95.645 E.23602
G1 X166.355 Y95.645 E.23602
G1 X166.355 Y104.295 E.23439
M204 T1000
G1 X166.376 Y104.295 F18000
G1 X166.376 Y104.376
G1 X166.79 Y104.79
M204 P1000
;TYPE:Outer wall
;WIDTH:0.42
G1 F1933
G1 X157.21 Y104.79 E.24085
G1 X157.21 Y95.21 E.24085
G1 X166.79 Y95.21 E.24085
G1 X166.79 Y104.73 E.23935
G1 X166.713 Y104.769
M204 T10000
;WIPE_START
G1 F7200
G1 X164.79 Y104.743 E-.8
;WIPE_END
G1 X165.772 Y98.538 Z10.2 F18000
G1 Z9.8
G1 E.8 F1500
M204 P10000
;TYPE:Internal solid infill
;WIDTH:0.419999
G1 F1933
M106 S255
G1 X163.635 Y96.401 E.07599
G1 X163.09 Y96.401 E.01371
G1 X165.599 Y98.91 E.08921
G1 X165.599 Y99.456 E.01371
G1 X162.544 Y96.401 E.1086
G1 X161.999 Y96.401 E.01371
G1 X165.599 Y100.001 E.128
G1 X165.599 Y100.547 E.01371
G1 X161.453 Y96.401 E.14739
G1 X160.908 Y96.401 E.01371
G1 X165.599 Y101.092 E.16678
G1 X165.599 Y101.637 E.01371
G1 X160.363 Y96.401 E.18617
G1 X159.817 Y96.401 E.01371
M73 P89 R1
G1 X165.599 Y102.183 E.20556
G1 X165.599 Y102.728 E.01371
G1 X159.272 Y96.401 E.22496
G1 X158.726 Y96.401 E.01371
G1 X165.599 Y103.274 E.24435
G1 X165.599 Y103.599 E.00818
G1 X165.379 Y103.599 E.00554
G1 X158.401 Y96.621 E.24808
G1 X158.401 Y97.167 E.01371
G1 X164.833 Y103.599 E.22869
G1 X164.288 Y103.599 E.01371
G1 X158.401 Y97.712 E.2093
G1 X158.401 Y98.258 E.01371
G1 X163.742 Y103.599 E.1899
G1 X163.197 Y103.599 E.01371
G1 X158.401 Y98.803 E.17051
G1 X158.401 Y99.349 E.01371
G1 X162.651 Y103.599 E.15112
G1 X162.106 Y103.599 E.01371
G1 X158.401 Y99.894 E.13173
G1 X158.401 Y100.439 E.01371
G1 X161.561 Y103.599 E.11233
G1 X161.015 Y103.599 E.01371
G1 X158.401 Y100.985 E.09294
G1 X158.401 Y101.53 E.01371
G1 X160.47 Y103.599 E.07355
G1 X159.924 Y103.599 E.01371
G1 X158.401 Y102.076 E.05416
G1 X158.401 Y102.621 E.01371
G1 X159.553 Y103.772 E.04094
G1 X158.498 Y103.483 F18000
;WIDTH:0.443166
G1 F1933
G2 X158.49 Y103.571 I-.026 J.042 E.00529
G1 X163.968 Y96.461 F18000
;WIDTH:0.419999
G1 F1933
G1 X165.539 Y98.032 E.05585
G1 X165.539 Y96.461 E.03949
G1 X164.028 Y96.461 E.03798
G1 X165.112 Y96.864 F18000
;WIDTH:0.568784
G1 F1933
G2 X165.115 Y96.973 I-.029 J.056 E.0091
; stop printing object cube10.stl id:0 copy 0
;LAYER_CHANGE
;Z:9.96
;HEIGHT:0.16
; layer_num: 61
G92 E0
G1 E-.70272 F3600
;WIPE_START
G1 F10023.694
G1 X165.045 Y96.979 E-.0253
G1 X165.012 Y96.921 E-.02399
G1 X165.045 Y96.864 E-.02399
G1 X165.112 Y96.864 E-.02399
;WIPE_END
;_SET_FAN_SPEED_CHANGING_LAYER
; printing object cube10.stl id:0 copy 0
G17
G3 Z10.36 I-1.209 J.141 P1  F18000
G1 X165.939 Y103.939 Z10.36
G1 Z9.96
G1 E.8 F1500
M204 P6000
;TYPE:Inner wall
;WIDTH:0.45
G1 F1944
G1 X158.061 Y103.939 E.21349
G1 X158.061 Y96.061 E.21349
G1 X165.939 Y96.061 E.21349
G1 X165.939 Y103.879 E.21186
G1 X166.355 Y104.355 F18000
G1 F1944
G1 X157.645 Y104.355 E.23602
G1 X157.645 Y95.645 E.23602
G1 X166.355 Y95.645 E.23602
G1 X166.355 Y104.295 E.23439
M204 T1000
G1 X166.376 Y104.295 F18000
G1 X166.376 Y104.376
G1 X166.79 Y104.79
M204 P1000
;TYPE:Outer wall
;WIDTH:0.42
G1 F1944
G1 X157.21 Y104.79 E.24085
G1 X157.21 Y95.21 E.24085
G1 X166.79 Y95.21 E.24085
M73 P90 R1
G1 X166.79 Y104.73 E.23935
G1 X166.713 Y104.769
M204 T10000
;WIPE_START
G1 F7200
G1 X164.79 Y104.743 E-.8
;WIPE_END
G1 X165.03 Y103.812 Z10.36 F18000
G1 Z9.96
G1 E.8 F1500
M204 P2000
;TYPE:Top surface
;WIDTH:0.421393
G1 F1944
M106 S255
G1 X165.639 Y103.203 E.02173
G1 X165.639 Y102.656 E.01381
G1 X164.656 Y103.639 E.03507
G1 X164.109 Y103.639 E.01381
G1 X165.639 Y102.109 E.0546
G1 X165.639 Y101.561 E.01381
G1 X163.561 Y103.639 E.07414
G1 X163.014 Y103.639 E.01381
G1 X165.639 Y101.014 E.09367
G1 X165.639 Y100.466 E.01381
G1 X162.466 Y103.639 E.1132
G1 X161.919 Y103.639 E.01381
G1 X165.639 Y99.919 E.13274
G1 X165.639 Y99.372 E.01381
G1 X161.372 Y103.639 E.15227
G1 X160.824 Y103.639 E.01381
G1 X165.639 Y98.824 E.1718
G1 X165.639 Y98.277 E.01381
G1 X160.277 Y103.639 E.19133
G1 X159.73 Y103.639 E.01381
G1 X165.639 Y97.73 E.21087
G1 X165.639 Y97.182 E.01381
G1 X159.182 Y103.639 E.2304
G1 X158.635 Y103.639 E.01381
G1 X165.639 Y96.635 E.24993
G1 X165.639 Y96.361 E.0069
G1 X165.365 Y96.361 E.00691
G1 X158.361 Y103.365 E.24993
G1 X158.361 Y102.818 E.01381
G1 X164.818 Y96.361 E.23039
G1 X164.27 Y96.361 E.01381
G1 X158.361 Y102.27 E.21086
G1 X158.361 Y101.723 E.01381
G1 X163.723 Y96.361 E.19133
G1 X163.176 Y96.361 E.01381
G1 X158.361 Y101.176 E.1718
G1 X158.361 Y100.628 E.01381
G1 X162.628 Y96.361 E.15226
G1 X162.081 Y96.361 E.01381
G1 X158.361 Y100.081 E.13273
G1 X158.361 Y99.533 E.01381
G1 X161.533 Y96.361 E.1132
G1 X160.986 Y96.361 E.01381
G1 X158.361 Y98.986 E.09367
G1 X158.361 Y98.439 E.01381
G1 X160.439 Y96.361 E.07413
G1 X159.891 Y96.361 E.01381
G1 X158.361 Y97.891 E.0546
M73 P90 R0
G1 X158.361 Y97.344 E.01381
G1 X159.344 Y96.361 E.03507
G1 X158.797 Y96.361 E.01381
G1 X158.188 Y96.97 E.02173
; stop printing object cube10.stl id:0 copy 0
;WIPE_START
G1 F6000
G1 X158.797 Y96.361 E-.34445
G1 X159.344 Y96.361 E-.21895
G1 X158.926 Y96.779 E-.2366
;WIPE_END
M106 S0
;TYPE:Custom
G92 E0

G0 Z11.96 F600
; retract the filament to make it easier to replace
G0 E-10 F200
G28


M104 T0 S0
  

M140 S0
M107
M220 S100
M84

;
; DON'T REMOVE these lines if you're using the smfix (https://github.com/macdylan/SMFix)
; min_x = 155
; min_y = 93
; max_x = 169
; max_y = 107
; max_z = 9.96
; total_layer_number = 61
;
M73 P100 R0
; EXECUTABLE_BLOCK_END

; filament used [mm] = 255.04
; filament used [cm3] = 0.61
; filament used [g] = 0.76
; filament cost = 0.05
; total filament used [g] = 0.76
; total filament cost = 0.05
; total layers count = 62
; estimated printing time (normal mode) = 10m 54s
; estimated first layer printing time (normal mode) = 57s

; CONFIG_BLOCK_START
; accel_to_decel_enable = 1
; accel_to_decel_factor = 50%
; activate_air_filtration = 0
; activate_air_filtration_during_print = 1
; activate_air_filtration_on_completion = 1
; activate_chamber_temp_control = 0
; adaptive_bed_mesh_margin = 0
; adaptive_pressure_advance = 0
; adaptive_pressure_advance_bridges = 0
; adaptive_pressure_advance_model = "0,0,0\n0,0,0"
; adaptive_pressure_advance_overhangs = 0
; additional_cooling_fan_speed = 70
; additional_fan_full_speed_layer = 0
; align_infill_direction_to_model = 0
; alternate_extra_wall = 0
; auxiliary_fan = 0
; bbl_calib_mark_logo = 1
; bed_custom_model = 
; bed_custom_texture = 
; bed_exclude_area = 0x0
; bed_mesh_max = 99999,99999
; bed_mesh_min = -99999,-99999
; bed_mesh_probe_distance = 50,50
; bed_temperature_formula = by_highest_temp
; before_layer_change_gcode = ; layer_num: [layer_num]\nG92 E0
; best_object_pos = 0.5,0.5
; bottom_shell_layers = 4
; bottom_shell_thickness = 0
; bottom_solid_infill_flow_ratio = 1.2
; bottom_surface_density = 100%
; bottom_surface_filament_id = 0
; bottom_surface_pattern = monotonic
; bridge_acceleration = 2000
; bridge_angle = 0
; bridge_density = 100%
; bridge_flow = 1
; bridge_line_width = 100%
; bridge_no_support = 1
; bridge_speed = 50
; brim_ears_detection_length = 1
; brim_ears_max_angle = 125
; brim_flow_ratio = 1
; brim_object_gap = 0
; brim_type = auto_brim
; brim_use_efc_outline = 0
; brim_width = 5
; calib_flowrate_topinfill_special_order = 0
; chamber_minimal_temperature = 0
; chamber_temperature = 0
; change_extrusion_role_gcode = 
; change_filament_gcode = ;***** Update: 20240823\n{if current_extruder != next_extruder}\n; Change T[current_extruder] -> T[next_extruder] (layer [layer_num] [toolchange_count]/[total_toolchanges])\n; layer [layer_num] at [layer_z]mm\nT[next_extruder]\n\n M107 P[current_extruder] ;fan off T[current_extruder]\n\n{if layer_num == 1 &&\n ((filament_type[current_extruder] == \"PLA\" || filament_type[current_extruder] == \"TPU\")\n  || (filament_type[next_extruder] == \"PLA\" || filament_type[next_extruder] == \"TPU\"))\n}\n; set bed temp: {filament_type[current_extruder]}({bed_temperature[current_extruder]}) -> {filament_type[next_extruder]}({bed_temperature[next_extruder]})\nM140 S{min(bed_temperature[current_extruder], bed_temperature[next_extruder])}\n{endif}\n\nM2000 S200 V[travel_speed] A[travel_acceleration] ;quick switch extruders, S:200 mode/V:speed/A:acceleration\nM109 T[next_extruder] S{if layer_num < 1}[nozzle_temperature_initial_layer]{else}[nozzle_temperature]{endif} C3 W1 ;wait T[next_extruder]\n{if layer_z > first_layer_height && layer_num >= close_fan_the_first_x_layers[next_extruder]}\n  M106 P[next_extruder] S{fan_min_speed[next_extruder] * 255.0 / 100.0} ;restore fan speed for T[next_extruder]\n{endif}\n{endif}
; close_additional_fan_first_x_layers = 1
; close_fan_the_first_x_layers = 1
; combine_brims = 0
; complete_print_exhaust_fan_speed = 80
; cool_plate_temp = 0
; cool_plate_temp_initial_layer = 0
; cooling_tube_length = 0
; cooling_tube_retraction = 0
; counterbore_hole_bridging = none
; curr_bed_type = Cool Plate
; default_acceleration = 10000
; default_filament_colour = ""
; default_filament_profile = "Snapmaker J1 PLA";"Snapmaker J1 PETG"
; default_jerk = 0
; default_junction_deviation = 0
; default_print_profile = 0.16 Optimal @Snapmaker J1 (0.4 nozzle)
; deretraction_speed = 25,25
; detect_narrow_internal_solid_infill = 1
; detect_overhang_wall = 1
; detect_thin_wall = 0
; different_settings_to_system = ;;
; disable_m73 = 0
; dont_filter_internal_bridges = disabled
; dont_slow_down_outer_wall = 0
; draft_shield = disabled
; during_print_exhaust_fan_speed = 60
; elefant_foot_compensation = 0.15
; elefant_foot_compensation_layers = 1
; elefant_foot_layers_density = 100%
; emit_machine_limits_to_gcode = 1
; enable_arc_fitting = 1
; enable_extra_bridge_layer = disabled
; enable_filament_ramming = 0
; enable_long_retraction_when_cut = 0
; enable_overhang_bridge_fan = 1
; enable_overhang_speed = 1
; enable_power_loss_recovery = printer_configuration
; enable_pressure_advance = 1
; enable_prime_tower = 0
; enable_support = 0
; enable_tower_interface_cooldown_during_tower = 0
; enable_tower_interface_features = 0
; enable_wrapping_detection = 0
; enforce_support_layers = 0
; eng_plate_temp = 0
; eng_plate_temp_initial_layer = 0
; ensure_vertical_shell_thickness = ensure_all
; exclude_object = 0
; extra_loading_move = -2
; extra_perimeters_on_overhangs = 0
; extra_solid_infills = 
; extruder_ams_count = 1#0|4#1;1#0|4#1
; extruder_clearance_height_to_lid = 150
; extruder_clearance_height_to_rod = 35
; extruder_clearance_radius = 35
; extruder_colour = #F2754E
; extruder_offset = 0x0,0x0
; extruder_printable_area = 
; extruder_printable_height = 0
; extruder_type = Direct Drive
; extrusion_rate_smoothing_external_perimeter_only = 0
; fan_cooling_layer_time = 100
; fan_kickstart = 0
; fan_max_speed = 100
; fan_min_speed = 100
; fan_speedup_overhangs = 1
; fan_speedup_time = 0.3
; filament_adaptive_volumetric_speed = 0
; filament_adhesiveness_category = 0
; filament_change_extrusion_role_gcode = ""
; filament_change_length = 10
; filament_colour = #F2754E
; filament_cooling_before_tower = 10
; filament_cooling_final_speed = 3.4
; filament_cooling_initial_speed = 2.2
; filament_cooling_moves = 0
; filament_cost = 60
; filament_density = 1.24
; filament_diameter = 1.75
; filament_end_gcode = ""
; filament_extruder_variant = "Direct Drive Standard"
; filament_flow_ratio = 0.98
; filament_flush_temp = 0
; filament_flush_volumetric_speed = 0
; filament_ids = 377675245
; filament_is_support = 0
; filament_loading_speed = 25
; filament_loading_speed_start = 3
; filament_map = 1
; filament_map_mode = Auto For Flush
; filament_max_volumetric_speed = 14
; filament_minimal_purge_on_wipe_tower = 0
; filament_multitool_ramming = 0
; filament_multitool_ramming_flow = 10
; filament_multitool_ramming_volume = 0
; filament_notes = ""
; filament_printable = 3
; filament_ramming_parameters = "120 100 6.6 6.8 7.2 7.6 7.9 8.2 8.7 9.4 9.9 10.0| 0.05 6.6 0.45 6.8 0.95 7.8 1.45 8.3 1.95 9.7 2.45 10 2.95 7.6 3.45 7.6 3.95 7.6 4.45 7.6 4.95 7.6"
; filament_retraction_speed = 60
; filament_self_index = 1
; filament_settings_id = "Snapmaker J1 PLA"
; filament_shrink = 100%
; filament_shrinkage_compensation_z = 100%
; filament_soluble = 0
; filament_stamping_distance = 0
; filament_stamping_loading_speed = 0
; filament_start_gcode = ""
; filament_toolchange_delay = 0
; filament_tower_interface_pre_extrusion_dist = 10
; filament_tower_interface_pre_extrusion_length = 0
; filament_tower_interface_print_temp = -1
; filament_tower_interface_purge_volume = 20
; filament_tower_ironing_area = 4
; filament_type = PLA
; filament_unloading_speed = 25
; filament_unloading_speed_start = 3
; filament_vendor = Snapmaker
; file_start_gcode = 
; filename_format = {input_filename_base}_{layer_height}mm_{print_time}_J1.gcode
; fill_multiline = 1
; filter_out_gap_fill = 0
; first_layer_flow_ratio = 1
; first_layer_print_sequence = 0
; first_x_layer_fan_speed = 0
; flush_into_infill = 0
; flush_into_objects = 0
; flush_into_support = 1
; flush_multiplier = 0.3,1
; flush_volumes_matrix = 0,0
; flush_volumes_vector = 140,140,140,140,140,140,140,140
; full_fan_speed_layer = 0
; fuzzy_skin = none
; fuzzy_skin_first_layer = 0
; fuzzy_skin_layers_between_ripple_offset = 1
; fuzzy_skin_mode = displacement
; fuzzy_skin_noise_type = ripple
; fuzzy_skin_octaves = 4
; fuzzy_skin_persistence = 0.5
; fuzzy_skin_point_distance = 0.8
; fuzzy_skin_ripple_offset = 50%
; fuzzy_skin_ripples_per_layer = 15
; fuzzy_skin_scale = 1
; fuzzy_skin_thickness = 0.3
; gap_fill_flow_ratio = 1
; gap_fill_target = nowhere
; gap_infill_speed = 250
; gcode_add_line_number = 0
; gcode_comments = 0
; gcode_flavor = marlin2
; gcode_label_objects = 1
; grab_length = 0
; gyroid_optimized = 0
; has_scarf_joint_seam = 0
; head_wrap_detect_zone = 
; high_current_on_filament_swap = 0
; hole_to_polyhole = 0
; hole_to_polyhole_threshold = 0.01
; hole_to_polyhole_twisted = 1
; hot_plate_temp = 60
; hot_plate_temp_initial_layer = 60
; idle_temperature = 0
; independent_support_layer_height = 1
; infill_anchor = 400%
; infill_anchor_max = 20
; infill_combination = 0
; infill_combination_max_layer_height = 100%
; infill_direction = 45
; infill_jerk = 8
; infill_lock_depth = 1
; infill_overhang_angle = 60
; infill_shift_step = 0.4
; infill_wall_overlap = 15%
; inherits_group = ;;
; initial_layer_acceleration = 500
; initial_layer_infill_speed = 80
; initial_layer_jerk = 8
; initial_layer_line_width = 0.5
; initial_layer_min_bead_width = 85%
; initial_layer_print_height = 0.2
; initial_layer_speed = 50
; initial_layer_travel_acceleration = 100%
; initial_layer_travel_jerk = 100%
; initial_layer_travel_speed = 80%
; inner_wall_acceleration = 6000
; inner_wall_filament_id = 0
; inner_wall_flow_ratio = 1
; inner_wall_jerk = 4
; inner_wall_line_width = 0.45
; inner_wall_speed = 145
; input_shaping_damp_x = 0.1
; input_shaping_damp_y = 0.1
; input_shaping_emit = 0
; input_shaping_freq_x = 0
; input_shaping_freq_y = 0
; input_shaping_type = Default
; interface_shells = 0
; interlocking_beam = 0
; interlocking_beam_layer_count = 2
; interlocking_beam_width = 0.8
; interlocking_boundary_avoidance = 2
; interlocking_depth = 2
; interlocking_orientation = 22.5
; internal_bridge_angle = 0
; internal_bridge_density = 100%
; internal_bridge_fan_speed = -1
; internal_bridge_flow = 1
; internal_bridge_speed = 150%
; internal_solid_filament_id = 0
; internal_solid_infill_acceleration = 10000
; internal_solid_infill_flow_ratio = 1
; internal_solid_infill_line_width = 0.42
; internal_solid_infill_pattern = monotonic
; internal_solid_infill_speed = 250
; ironing_angle = 0
; ironing_angle_fixed = 0
; ironing_fan_speed = -1
; ironing_flow = 10%
; ironing_inset = 0
; ironing_pattern = rectilinear
; ironing_spacing = 0.15
; ironing_speed = 35
; ironing_type = no ironing
; is_infill_first = 0
; lateral_lattice_angle_1 = -45
; lateral_lattice_angle_2 = 45
; layer_change_gcode = 
; layer_height = 0.16
; lightning_overhang_angle = 45
; lightning_prune_angle = 45
; lightning_straightening_angle = 45
; line_width = 0.42
; long_retractions_when_cut = 0,0
; long_retractions_when_ec = 0
; machine_end_gcode = G92 E0\n\nG0 Z{max_layer_z + 2.0} F600\n; retract the filament to make it easier to replace\nG0 E-10 F200\nG28\n\n{if is_extruder_used[(initial_extruder % 2 == 0 ? min(initial_extruder + 0, 63) : max(initial_extruder - (1-0), 0))]}\nM104 T{(initial_extruder % 2 == 0 ? min(initial_extruder + 0, 63) : max(initial_extruder - (1-0), 0))} S0\n  {endif}\n{if is_extruder_used[(initial_extruder % 2 == 0 ? min(initial_extruder + 1, 63) : max(initial_extruder - (1-1), 0))]}\nM104 T{(initial_extruder % 2 == 0 ? min(initial_extruder + 1, 63) : max(initial_extruder - (1-1), 0))} S0\n  {endif}\nM140 S0\nM107\nM220 S100\nM84\n\n;\n; DON'T REMOVE these lines if you're using the smfix (https://github.com/macdylan/SMFix)\n; min_x = [first_layer_print_min_0]\n; min_y = [first_layer_print_min_1]\n; max_x = [first_layer_print_max_0]\n; max_y = [first_layer_print_max_1]\n; max_z = [max_layer_z]\n; total_layer_number = [layer_num]\n;
; machine_load_filament_time = 0
; machine_max_acceleration_e = 6000,6000,6000,6000
; machine_max_acceleration_extruding = 10000,10000,10000,10000
; machine_max_acceleration_retracting = 6000,6000,6000,6000
; machine_max_acceleration_travel = 10000,10000,10000,10000
; machine_max_acceleration_x = 10000,10000,10000,10000
; machine_max_acceleration_y = 8000,8000,8000,8000
; machine_max_acceleration_z = 100,100,100,100
; machine_max_jerk_e = 2.5,2.5,2.5,2.5
; machine_max_jerk_x = 10,10,10,10
; machine_max_jerk_y = 10,10,10,10
; machine_max_jerk_z = 3,3,3,3
; machine_max_junction_deviation = 0.01
; machine_max_speed_e = 40,40,40,40
; machine_max_speed_x = 350,350,350,350
; machine_max_speed_y = 300,300,300,300
; machine_max_speed_z = 10,10,10,10
; machine_min_extruding_rate = 0,0
; machine_min_travel_rate = 0,0
; machine_pause_gcode = 
; machine_start_gcode = ; Model: Snapmaker J1 ({nozzle_diameter[0]}/{nozzle_diameter[1]})\n; Update: 20240922\n; Maintained by https://github.com/macdylan/3dp-configs\n; Printer : [printer_preset]\n; Profile : [print_preset]\n; Plate   : [plate_name]\n; --- initial_extruder: [initial_extruder]\n; --- has_wipe_tower: [has_wipe_tower]\n; --- total_toolchanges: [total_toolchanges]\n; --- T0: {is_extruder_used[(initial_extruder % 2 == 0 ? min(initial_extruder + 0, 63) : max(initial_extruder - 1, 0))]}\n; --- T1: {is_extruder_used[(initial_extruder % 2 == 0 ? min(initial_extruder + 1, 63) : max(initial_extruder - 0, 0))]}\n\nT[initial_extruder]\n\nM205 V[machine_max_jerk_x] ;Junction Deviation (mm)\n\n{if plate_name =~/.*IDEXDupl.*/ || plate_name =~/.*IDEXCopy.*/ }\n  M605 S2 X162 R0 ;IDEX Duplication\n{elsif plate_name =~/.*IDEXMirr.*/}\n  M605 S3 ;IDEX Mirror\n{elsif plate_name =~/.*IDEXBack.*/}\n  M605 S4 ;IDEX Backup\n{endif}\n\nM140 S{first_layer_bed_temperature[initial_extruder]}\n\n; you can clean the nozzle\n{if is_extruder_used[(initial_extruder % 2 == 0 ? min(initial_extruder + 0, 63) : max(initial_extruder - (1-0), 0))]}\n  M104 T{(initial_extruder % 2 == 0 ? min(initial_extruder + 0, 63) : max(initial_extruder - (1-0), 0))} S165\n  {endif}\n{if is_extruder_used[(initial_extruder % 2 == 0 ? min(initial_extruder + 1, 63) : max(initial_extruder - (1-1), 0))]}\n  M104 T{(initial_extruder % 2 == 0 ? min(initial_extruder + 1, 63) : max(initial_extruder - (1-1), 0))} S165\n  {endif}\nM204 S100\nG28\n\nG0 Z100.0\n{if is_extruder_used[(initial_extruder % 2 == 0 ? min(initial_extruder + 0, 63) : max(initial_extruder - (1-0), 0))]}\n  T{(initial_extruder % 2 == 0 ? min(initial_extruder + 0, 63) : max(initial_extruder - (1-0), 0))}\n  G0 X{if 0 == 0}80{else}240{endif} Y0 F6840.0\n  {endif}\n{if is_extruder_used[(initial_extruder % 2 == 0 ? min(initial_extruder + 1, 63) : max(initial_extruder - (1-1), 0))]}\n  T{(initial_extruder % 2 == 0 ? min(initial_extruder + 1, 63) : max(initial_extruder - (1-1), 0))}\n  G0 X{if 1 == 0}80{else}240{endif} Y0 F6840.0\n  {endif}\n\nM190 R{first_layer_bed_temperature[initial_extruder]}\n\n{if 1==1}; LED\n  M355 S1 P64\n  G4 P100\n  M355 S1 P128\n  G4 P100\n  M355 S1 P64\n  G4 P200\n  M355 S1 P255\n  G4 P100\n{endif}\nG28 X Y\n\nM83\n{if 1==1 && max(hot_plate_temp_initial_layer[initial_extruder], hot_plate_temp[initial_extruder]) >= 90}\nG0 Z0.06\nG92 Z0 ;reset z\n{endif}\n\n{if is_extruder_used[(initial_extruder % 2 == 0 ? min(initial_extruder + 0, 63) : max(initial_extruder - (1-0), 0))]}\n; preheat 0\nM104 T{(initial_extruder % 2 == 0 ? min(initial_extruder + 0, 63) : max(initial_extruder - (1-0), 0))} S{max(250, min(290, nozzle_temperature_initial_layer[(initial_extruder % 2 == 0 ? min(initial_extruder + 0, 63) : max(initial_extruder - (1-0), 0))] + 15))}\n  {endif}\n{if is_extruder_used[(initial_extruder % 2 == 0 ? min(initial_extruder + 1, 63) : max(initial_extruder - (1-1), 0))]}\n; preheat 1\nM104 T{(initial_extruder % 2 == 0 ? min(initial_extruder + 1, 63) : max(initial_extruder - (1-1), 0))} S{max(250, min(290, nozzle_temperature_initial_layer[(initial_extruder % 2 == 0 ? min(initial_extruder + 1, 63) : max(initial_extruder - (1-1), 0))] + 15))}\n  {endif}\n\n  {if 1==1}\n{if is_extruder_used[(initial_extruder % 2 == 0 ? min(initial_extruder + 0, 63) : max(initial_extruder - (1-0), 0))] and (initial_extruder % 2) != 0}\n; flush nozzle 0\nT{(initial_extruder % 2 == 0 ? min(initial_extruder + 0, 63) : max(initial_extruder - (1-0), 0))}\nM104 S{max(250, min(290, nozzle_temperature_initial_layer[(initial_extruder % 2 == 0 ? min(initial_extruder + 0, 63) : max(initial_extruder - (1-0), 0))] + 15))}; common flush temp\nG0 Z1.6 F240.0\nG0 X{( 0 % 2 == 0 ? 147.0 : 177.0 )} F6840.0\nG0 Y0 F6840.0\n\nM109 S{max(250, min(290, nozzle_temperature_initial_layer[(initial_extruder % 2 == 0 ? min(initial_extruder + 0, 63) : max(initial_extruder - (1-0), 0))] + 15))} C2 W1\nG1 E20 F80.0\nG92 E0\n\nM106 S{min(255, (fan_max_speed[(initial_extruder % 2 == 0 ? min(initial_extruder + 0, 63) : max(initial_extruder - (1-0), 0))] + 10) * 2.55)}\n\nM104 S{nozzle_temperature_initial_layer[(initial_extruder % 2 == 0 ? min(initial_extruder + 0, 63) : max(initial_extruder - (1-0), 0))] + 5}\n\nG1 E12.0 F200\nG92 E0\nG1 E8.0 Z4.6 F200\nG92 E0\n\nG0 Z5.6 F200\nM107\n\nG0 X{( 0 % 2 == 0 ? 137.0 : 187.0 )} F6840.0\nG0 Z0.3 F240.0\nM109 S{nozzle_temperature_initial_layer[(initial_extruder % 2 == 0 ? min(initial_extruder + 0, 63) : max(initial_extruder - (1-0), 0))]} C3 W1\nG1 E3 F200\nG92 E0\nG1 X{( 0 % 2 == 0 ? 0 : 324 )} E8.5437 F6840.0\nG92 E0\n\nG1 E-{retract_length_toolchange[0]} F200\nG92 E0\nG0 Y20 F6840.0\nG28 X F6840.0\n\nM104 S{temperature_vitrification[(initial_extruder % 2 == 0 ? min(initial_extruder + 0, 63) : max(initial_extruder - (1-0), 0))]}\n  {endif}\n\n{if is_extruder_used[(initial_extruder % 2 == 0 ? min(initial_extruder + 1, 63) : max(initial_extruder - (1-1), 0))] and (initial_extruder % 2) != 1}\n; flush nozzle 1\nT{(initial_extruder % 2 == 0 ? min(initial_extruder + 1, 63) : max(initial_extruder - (1-1), 0))}\nM104 S{max(250, min(290, nozzle_temperature_initial_layer[(initial_extruder % 2 == 0 ? min(initial_extruder + 1, 63) : max(initial_extruder - (1-1), 0))] + 15))}; common flush temp\nG0 Z1.6 F240.0\nG0 X{( 1 % 2 == 0 ? 147.0 : 177.0 )} F6840.0\nG0 Y0 F6840.0\n\nM109 S{max(250, min(290, nozzle_temperature_initial_layer[(initial_extruder % 2 == 0 ? min(initial_extruder + 1, 63) : max(initial_extruder - (1-1), 0))] + 15))} C2 W1\nG1 E20 F80.0\nG92 E0\n\nM106 S{min(255, (fan_max_speed[(initial_extruder % 2 == 0 ? min(initial_extruder + 1, 63) : max(initial_extruder - (1-1), 0))] + 10) * 2.55)}\n\nM104 S{nozzle_temperature_initial_layer[(initial_extruder % 2 == 0 ? min(initial_extruder + 1, 63) : max(initial_extruder - (1-1), 0))] + 5}\n\nG1 E12.0 F200\nG92 E0\nG1 E8.0 Z4.6 F200\nG92 E0\n\nG0 Z5.6 F200\nM107\n\nG0 X{( 1 % 2 == 0 ? 137.0 : 187.0 )} F6840.0\nG0 Z0.3 F240.0\nM109 S{nozzle_temperature_initial_layer[(initial_extruder % 2 == 0 ? min(initial_extruder + 1, 63) : max(initial_extruder - (1-1), 0))]} C3 W1\nG1 E3 F200\nG92 E0\nG1 X{( 1 % 2 == 0 ? 0 : 324 )} E8.5437 F6840.0\nG92 E0\n\nG1 E-{retract_length_toolchange[1]} F200\nG92 E0\nG0 Y20 F6840.0\nG28 X F6840.0\n\nM104 S{temperature_vitrification[(initial_extruder % 2 == 0 ? min(initial_extruder + 1, 63) : max(initial_extruder - (1-1), 0))]}\n  {endif}\n\n  {endif}\n; flush initial nozzle\nT[initial_extruder]\nM104 S{max(250, min(290, nozzle_temperature_initial_layer[(initial_extruder % 2 == 0 ? min(initial_extruder + initial_extruder, 63) : max(initial_extruder - (1-initial_extruder), 0))] + 15))}; common flush temp\nG0 Z1.6 F240.0\nG0 X{( initial_extruder % 2 == 0 ? 147.0 : 177.0 )} F6840.0\nG0 Y0 F6840.0\n\nM109 S{max(250, min(290, nozzle_temperature_initial_layer[(initial_extruder % 2 == 0 ? min(initial_extruder + initial_extruder, 63) : max(initial_extruder - (1-initial_extruder), 0))] + 15))} C2 W1\nG1 E20 F80.0\nG92 E0\n\nM106 S{min(255, (fan_max_speed[(initial_extruder % 2 == 0 ? min(initial_extruder + initial_extruder, 63) : max(initial_extruder - (1-initial_extruder), 0))] + 10) * 2.55)}\n\nM104 S{nozzle_temperature_initial_layer[(initial_extruder % 2 == 0 ? min(initial_extruder + initial_extruder, 63) : max(initial_extruder - (1-initial_extruder), 0))] + 5}\n\nG1 E12.0 F200\nG92 E0\nG1 E8.0 Z4.6 F200\nG92 E0\n\nG0 Z5.6 F200\nM107\n\nG0 X{( initial_extruder % 2 == 0 ? 137.0 : 187.0 )} F6840.0\nG0 Z0.3 F240.0\nM109 S{nozzle_temperature_initial_layer[(initial_extruder % 2 == 0 ? min(initial_extruder + initial_extruder, 63) : max(initial_extruder - (1-initial_extruder), 0))]} C3 W1\nG1 E3 F200\nG92 E0\nG1 X{( initial_extruder % 2 == 0 ? 0 : 324 )} E8.5437 F6840.0\nG92 E0\n\nG1 E-{retraction_length[initial_extruder]} F200\nG92 E0\nG0 Y20 F6840.0\n\n; ready [plate_name]
; machine_tool_change_time = 0
; machine_unload_filament_time = 0
; make_overhang_printable = 0
; make_overhang_printable_angle = 55
; make_overhang_printable_hole_size = 0
; manual_filament_change = 0
; master_extruder_id = 1
; max_bridge_length = 10
; max_layer_height = 0.28
; max_resonance_avoidance_speed = 120
; max_travel_detour_distance = 0
; max_volumetric_extrusion_rate_slope = 0
; max_volumetric_extrusion_rate_slope_segment_length = 3
; min_bead_width = 85%
; min_feature_size = 25%
; min_layer_height = 0.08
; min_length_factor = 0.5
; min_resonance_avoidance_speed = 70
; min_skirt_length = 0
; min_width_top_surface = 300%
; minimum_sparse_infill_area = 15
; mmu_segmented_region_interlocking_depth = 0
; mmu_segmented_region_max_width = 0
; notes = 
; nozzle_diameter = 0.4,0.4
; nozzle_flush_dataset = 0,0
; nozzle_height = 2.5
; nozzle_hrc = 0
; nozzle_temperature = 220
; nozzle_temperature_initial_layer = 220
; nozzle_temperature_range_high = 240
; nozzle_temperature_range_low = 190
; nozzle_type = hardened_steel,hardened_steel
; nozzle_volume = 0,0
; nozzle_volume_type = Standard
; only_one_wall_first_layer = 0
; only_one_wall_top = 0
; ooze_prevention = 1
; other_layers_print_sequence = 0
; other_layers_print_sequence_nums = 0
; outer_wall_acceleration = 1000
; outer_wall_filament_id = 0
; outer_wall_flow_ratio = 1
; outer_wall_jerk = 4
; outer_wall_line_width = 0.42
; outer_wall_speed = 120
; overhang_1_4_speed = 60
; overhang_2_4_speed = 30
; overhang_3_4_speed = 10
; overhang_4_4_speed = 10
; overhang_fan_speed = 100
; overhang_fan_threshold = 0%
; overhang_flow_ratio = 1
; overhang_reverse = 0
; overhang_reverse_internal_only = 0
; overhang_reverse_threshold = 50%
; parallel_printheads_bed_exclude_areas = 
; parallel_printheads_count = 1
; parking_pos_retraction = 0
; part_cooling_fan_min_pwm = 0
; physical_extruder_map = 0
; post_process = 
; precise_outer_wall = 1
; precise_z_height = 0
; preferred_orientation = 0
; preheat_steps = 1
; preheat_time = 90
; pressure_advance = 0.02
; prime_tower_brim_width = 5
; prime_tower_enable_framework = 0
; prime_tower_flat_ironing = 0
; prime_tower_infill_gap = 150%
; prime_tower_skip_points = 1
; prime_tower_width = 25
; prime_volume = 55
; print_compatible_printers = "Snapmaker J1 (0.4 nozzle)"
; print_extruder_id = 1,1
; print_extruder_variant = "Direct Drive Standard";"Direct Drive Standard"
; print_flow_ratio = 1
; print_order = default
; print_sequence = by layer
; print_settings_id = 0.16 Optimal @Snapmaker J1 (0.4 nozzle)
; printable_area = 0x0,324x0,324x200,0x200
; printable_height = 200
; printer_extruder_id = 1,1
; printer_extruder_variant = "Direct Drive Standard";"Direct Drive Standard"
; printer_model = Snapmaker J1
; printer_notes = PRINTER_MODEL_SNAPMAKER_J1\n
; printer_settings_id = Snapmaker J1 (0.4 nozzle)
; printer_structure = undefine
; printer_technology = FFF
; printer_variant = 0.4
; printing_by_object_gcode = 
; process_change_extrusion_role_gcode = 
; purge_in_prime_tower = 0
; raft_contact_distance = 0.1
; raft_expansion = 1.5
; raft_first_layer_density = 90%
; raft_first_layer_expansion = 2
; raft_layers = 0
; reduce_crossing_wall = 1
; reduce_fan_stop_start_freq = 1
; reduce_infill_retraction = 1
; relative_bridge_angle = 0
; required_nozzle_HRC = 3
; resolution = 0.012
; resonance_avoidance = 0
; retract_before_wipe = 0%,0%
; retract_length_toolchange = 2,2
; retract_lift_above = 0,0
; retract_lift_below = 0,0
; retract_lift_enforce = All Surfaces,All Surfaces
; retract_restart_extra = 0,0
; retract_restart_extra_toolchange = 0,0
; retract_when_changing_layer = 1,1
; retraction_distances_when_cut = 18,18
; retraction_distances_when_ec = 10
; retraction_length = 0.8,0.8
; retraction_minimum_travel = 1,1
; retraction_speed = 25,25
; role_based_wipe_speed = 1
; scan_first_layer = 0
; scarf_angle_threshold = 155
; scarf_joint_flow_ratio = 1
; scarf_joint_speed = 100%
; scarf_overhang_threshold = 40%
; seam_gap = 15%
; seam_position = aligned
; seam_slope_conditional = 0
; seam_slope_entire_loop = 0
; seam_slope_inner_walls = 0
; seam_slope_min_length = 20
; seam_slope_start_height = 0
; seam_slope_steps = 10
; seam_slope_type = none
; set_other_flow_ratios = 0
; silent_mode = 0
; single_extruder_multi_material = 0
; single_extruder_multi_material_priming = 0
; single_loop_draft_shield = 0
; skeleton_infill_density = 25%
; skeleton_infill_line_width = 100%
; skin_infill_density = 25%
; skin_infill_depth = 2
; skin_infill_line_width = 100%
; skirt_distance = 2
; skirt_height = 1
; skirt_loops = 0
; skirt_speed = 50
; skirt_start_angle = -135
; skirt_type = combined
; slice_closing_radius = 0.049
; slicing_mode = regular
; slow_down_for_layer_cooling = 1
; slow_down_layer_time = 8
; slow_down_layers = 0
; slow_down_min_speed = 15
; slowdown_for_curled_perimeters = 0
; small_area_infill_flow_compensation = 0
; small_area_infill_flow_compensation_model = 0,0;"\n0.2,0.4444";"\n0.4,0.6145";"\n0.6,0.7059";"\n0.8,0.7619";"\n1.5,0.8571";"\n2,0.8889";"\n3,0.9231";"\n5,0.9520";"\n10,1"
; small_perimeter_speed = 50%
; small_perimeter_threshold = 0
; solid_infill_direction = 45
; solid_infill_rotate_template = 
; sparse_infill_acceleration = 10000
; sparse_infill_density = 15%
; sparse_infill_filament_id = 0
; sparse_infill_flow_ratio = 1
; sparse_infill_line_width = 0.45
; sparse_infill_pattern = cubic
; sparse_infill_rotate_template = 
; sparse_infill_speed = 250
; spiral_finishing_flow_ratio = 0
; spiral_mode = 0
; spiral_mode_max_xy_smoothing = 200%
; spiral_mode_smooth = 0
; spiral_starting_flow_ratio = 0
; staggered_inner_seams = 0
; standby_temperature_delta = -70
; start_end_points = 30x-3,54x245
; supertack_plate_temp = 35
; supertack_plate_temp_initial_layer = 35
; support_air_filtration = 1
; support_angle = 0
; support_base_pattern = rectilinear
; support_base_pattern_spacing = 2.5
; support_bottom_interface_spacing = 0.12
; support_bottom_z_distance = 0
; support_chamber_temp_control = 1
; support_critical_regions_only = 1
; support_expansion = 1
; support_filament = 1
; support_flow_ratio = 1
; support_interface_bottom_layers = 3
; support_interface_filament = 2
; support_interface_flow_ratio = 1
; support_interface_loop_pattern = 0
; support_interface_not_for_body = 1
; support_interface_pattern = rectilinear
; support_interface_spacing = 0.12
; support_interface_speed = 50
; support_interface_top_layers = 3
; support_ironing = 0
; support_ironing_flow = 10%
; support_ironing_pattern = rectilinear
; support_ironing_spacing = 0.1
; support_line_width = 0.42
; support_material_interface_fan_speed = -1
; support_multi_bed_types = 0
; support_object_first_layer_gap = 0.2
; support_object_skip_flush = 0
; support_object_xy_distance = 0.9
; support_on_build_plate_only = 1
; support_parallel_printheads = 0
; support_remove_small_overhang = 1
; support_speed = 100
; support_style = snug
; support_threshold_angle = 25
; support_threshold_overlap = 50%
; support_top_z_distance = 0
; support_type = normal(auto)
; symmetric_infill_y_axis = 0
; temperature_vitrification = 154
; template_custom_gcode = 
; textured_cool_plate_temp = 40
; textured_cool_plate_temp_initial_layer = 40
; textured_plate_temp = 0
; textured_plate_temp_initial_layer = 0
; thick_bridges = 1
; thick_internal_bridges = 1
; thumbnails = 300x300/PNG
; time_cost = 0
; time_lapse_gcode = 
; timelapse_type = 0
; tool_change_on_wipe_tower = 0
; top_bottom_infill_wall_overlap = 25%
; top_shell_layers = 5
; top_shell_thickness = 0.6
; top_solid_infill_flow_ratio = 1
; top_surface_acceleration = 2000
; top_surface_density = 100%
; top_surface_filament_id = 0
; top_surface_jerk = 4
; top_surface_line_width = 0.42
; top_surface_pattern = monotonic
; top_surface_speed = 100
; travel_acceleration = 10000
; travel_jerk = 10
; travel_slope = 3,3
; travel_speed = 300
; travel_speed_z = 0
; tree_support_angle_slow = 25
; tree_support_auto_brim = 1
; tree_support_branch_angle = 15
; tree_support_branch_angle_organic = 40
; tree_support_branch_diameter = 5
; tree_support_branch_diameter_angle = 5
; tree_support_branch_diameter_organic = 2
; tree_support_branch_distance = 5
; tree_support_branch_distance_organic = 1
; tree_support_brim_width = 3
; tree_support_tip_diameter = 0.8
; tree_support_top_rate = 30%
; tree_support_wall_count = 2
; upward_compatible_machine = 
; use_3mf = 0
; use_firmware_retraction = 0
; use_relative_e_distances = 1
; volumetric_speed_coefficients = ""
; wall_direction = ccw
; wall_distribution_count = 1
; wall_generator = classic
; wall_loops = 3
; wall_maximum_deviation = 0.025
; wall_maximum_resolution = 0.5
; wall_sequence = inner wall/outer wall
; wall_transition_angle = 10
; wall_transition_filter_deviation = 25%
; wall_transition_length = 100%
; wipe = 1,1
; wipe_before_external_loop = 0
; wipe_distance = 2,2
; wipe_on_loops = 1
; wipe_speed = 80%
; wipe_tower_bridging = 10
; wipe_tower_cone_angle = 25
; wipe_tower_extra_flow = 100%
; wipe_tower_extra_rib_length = 0
; wipe_tower_extra_spacing = 150%
; wipe_tower_filament = 0
; wipe_tower_fillet_wall = 1
; wipe_tower_max_purge_speed = 55
; wipe_tower_no_sparse_layers = 0
; wipe_tower_rib_width = 8
; wipe_tower_rotation_angle = 90
; wipe_tower_type = type2
; wipe_tower_wall_type = rib
; wipe_tower_x = 15.000
; wipe_tower_x = 15
; wipe_tower_y = 220.000
; wipe_tower_y = 220
; wiping_volumes_extruders = 70,70,70,70,70,70,70,70,70,70
; wrapping_detection_gcode = 
; wrapping_detection_layers = 20
; wrapping_exclude_area = 
; xy_contour_compensation = 0
; xy_hole_compensation = 0
; z_hop = 0.4,0.4
; z_hop_types = Auto Lift,Auto Lift
; z_offset = 0
; zaa_dont_alternate_fill_direction = 0
; zaa_enabled = 0
; zaa_min_z = 0.05
; zaa_minimize_perimeter_height = 35
; first_layer_bed_temperature = 0
; bed_shape = 0x0,324x0,324x200,0x200
; first_layer_temperature = 220
; first_layer_height = 0.200
; CONFIG_BLOCK_END


